Latitud;Longitud
8.9784;-83.0378
8.9786;-83.0833
9.0236;-83.0377
8.9786;-83.0833
9.0246;-83.3104
8.9794;-83.3106
8.9343;-83.3562
9.0247;-83.3559
8.9792;-83.2651
8.9792;-83.2651
9.0698;-83.3103
9.0699;-83.3558
8.9794;-83.3106
9.0246;-83.3104
8.9794;-83.3106
9.0247;-83.3559
9.0246;-83.3104
9.0698;-83.3103
9.0247;-83.3559
9.2507;-83.3552
9.2055;-83.3553
9.2057;-83.4008
9.2959;-83.355
9.1605;-83.401
9.2509;-83.4007
9.2057;-83.4008
9.1605;-83.401
9.2057;-83.4008
9.1605;-83.401
9.1605;-83.401
9.2509;-83.4007
9.2057;-83.4008
9.1148;-83.2647
9.16;-83.2645
9.0695;-83.2193
9.0693;-83.1739
9.1148;-83.2647
9.1603;-83.3555
9.1151;-83.3556
9.0696;-83.2648
9.1603;-83.3555
9.1148;-83.2647
9.0241;-83.174
9.115;-83.3101
9.115;-83.3101
9.1603;-83.3555
9.0696;-83.2648
9.2504;-83.2642
9.1151;-83.3556
9.1603;-83.3555
9.1148;-83.2647
9.1602;-83.31
9.16;-83.2645
9.2054;-83.3098
9.2054;-83.3098
9.2054;-83.3098
9.2506;-83.3097
9.16;-83.2645
8.9791;-83.2197
8.934;-83.2653
8.9339;-83.2198
8.8887;-83.22
8.9339;-83.2198
8.9339;-83.2198
8.9339;-83.2198
8.9791;-83.2197
8.8432;-83.1293
8.9339;-83.2198
8.8885;-83.1745
8.9337;-83.1744
8.8884;-83.1291
8.8887;-83.22
8.8887;-83.22
8.9792;-83.2651
8.9792;-83.2651
8.9339;-83.2198
9.0251;-83.4923
9.0249;-83.4014
8.9797;-83.4015
9.0249;-83.4014
9.025;-83.4468
8.9798;-83.4469
9.0702;-83.4467
9.0251;-83.4923
9.0703;-83.4922
9.0703;-83.4922
9.025;-83.4468
9.025;-83.4468
9.0704;-83.5376
9.0249;-83.4014
9.0251;-83.4923
9.0703;-83.4922
9.0249;-83.4014
9.0249;-83.4014
9.0249;-83.4014
9.025;-83.4468
9.0702;-83.4467
9.0702;-83.4467
9.0699;-83.3558
9.0699;-83.3558
9.0699;-83.3558
9.1153;-83.4011
9.1153;-83.4011
9.0703;-83.4922
9.0701;-83.4012
9.1154;-83.4466
9.0702;-83.4467
9.1154;-83.4466
9.1154;-83.4466
9.0701;-83.4012
9.0699;-83.3558
9.0702;-83.4467
9.1154;-83.4466
9.1153;-83.4011
9.0702;-83.4467
9.0701;-83.4012
8.9791;-83.2197
9.0241;-83.174
8.9788;-83.1288
9.1599;-83.219
9.0239;-83.1286
8.9789;-83.1742
9.0241;-83.174
8.9789;-83.1742
9.0693;-83.1739
9.0239;-83.1286
8.9334;-83.0835
9.0244;-83.265
8.8882;-83.0837
8.9334;-83.0835
9.069;-83.0829
8.9334;-83.0835
9.0239;-83.1286
8.9789;-83.1742
8.9334;-83.0835
8.9336;-83.1289
9.1143;-83.1282
9.0243;-83.2195
9.1145;-83.1737
8.9334;-83.0835
8.9788;-83.1288
9.0241;-83.174
8.9788;-83.1288
9.0246;-83.3104
8.9334;-83.0835
8.8882;-83.0837
8.9788;-83.1288
9.0696;-83.2648
9.0244;-83.265
8.9789;-83.1742
9.2962;-83.4461
9.2057;-83.4008
9.2509;-83.4007
9.1606;-83.4464
9.2059;-83.4918
9.2511;-83.4917
9.251;-83.4462
9.2058;-83.4463
9.2058;-83.4463
9.1606;-83.4464
9.2059;-83.4918
9.251;-83.4462
9.2963;-83.4916
9.2058;-83.4463
8.6158;-82.8123
8.5259;-82.9035
8.6161;-82.8577
8.5257;-82.8582
8.5257;-82.8582
8.5707;-82.8125
8.6161;-82.8577
8.5713;-82.9487
8.5711;-82.9033
8.5261;-82.9489
8.5709;-82.8579
8.5259;-82.9035
8.5259;-82.9035
8.5709;-82.8579
8.5257;-82.8582
8.5711;-82.9033
8.5259;-82.9035
8.5259;-82.9035
8.5707;-82.8125
8.6161;-82.8577
8.5709;-82.8579
8.5707;-82.8125
8.5709;-82.8579
8.5713;-82.9487
8.6161;-82.8577
8.6163;-82.9031
8.707;-82.9936
8.6612;-82.8575
8.6615;-82.9029
8.5711;-82.9033
8.6615;-82.9029
8.5263;-82.9943
8.7068;-82.9481
8.5713;-82.9487
8.6617;-82.9483
8.6619;-82.9937
8.5715;-82.9941
8.6163;-82.9031
8.5715;-82.9941
8.6617;-82.9483
8.6165;-82.9485
8.5713;-82.9487
8.5713;-82.9487
8.6165;-82.9485
8.6165;-82.9485
8.6165;-82.9485
8.6165;-82.9485
8.6167;-82.9939
8.6165;-82.9485
8.6617;-82.9483
8.5713;-82.9487
8.6165;-82.9485
8.7066;-82.9027
8.6617;-82.9483
8.6167;-82.9939
8.6161;-82.8577
8.6612;-82.8575
8.6617;-82.9483
8.707;-82.9936
8.5717;-83.0395
8.7064;-82.8573
8.5265;-83.0397
8.6617;-82.9483
8.6167;-82.9939
8.6161;-82.8577
8.6615;-82.9029
8.6163;-82.9031
8.6617;-82.9483
8.5715;-82.9941
8.6163;-82.9031
8.5715;-82.9941
8.6163;-82.9031
8.6617;-82.9483
8.6163;-82.9031
8.5257;-82.8582
8.4805;-82.8584
8.4353;-82.8586
8.4805;-82.8584
8.4805;-82.8584
8.4359;-82.9947
8.5263;-82.9943
8.4811;-82.9945
8.3907;-82.9949
8.4357;-82.9493
8.4809;-82.9491
8.4811;-82.9945
8.5261;-82.9489
8.4355;-82.904
8.4807;-82.9038
8.5263;-82.9943
8.5261;-82.9489
8.4809;-82.9491
8.4809;-82.9491
8.3909;-83.0403
8.4355;-82.904
8.3907;-82.9949
8.4355;-82.904
8.4357;-82.9493
8.4809;-82.9491
8.4811;-82.9945
8.4357;-82.9493
8.4809;-82.9491
8.3905;-82.9495
8.752;-82.9479
8.7068;-82.9481
8.7068;-82.9481
8.7518;-82.9025
8.752;-82.9479
8.7972;-82.9477
8.707;-82.9936
8.752;-82.9479
8.7518;-82.9025
8.752;-82.9479
8.752;-82.9479
8.752;-82.9479
8.752;-82.9479
8.752;-82.9479
8.7522;-82.9934
8.752;-82.9479
8.8428;-83.0384
8.8426;-82.993
8.888;-83.0382
8.9332;-83.038
8.8428;-83.0384
8.843;-83.0838
8.8882;-83.0837
8.8882;-83.0837
8.843;-83.0838
8.8426;-82.993
8.8426;-82.993
8.8882;-83.0837
8.843;-83.0838
8.8428;-83.0384
8.888;-83.0382
8.8426;-82.993
8.8882;-83.0837
8.8426;-82.993
8.8428;-83.0384
8.888;-83.0382
8.8428;-83.0384
8.978;-82.9469
8.933;-82.9926
8.9334;-83.0835
8.9328;-82.9471
8.9328;-82.9471
8.9326;-82.9017
8.9328;-82.9471
8.9332;-83.038
8.9332;-83.038
8.9326;-82.9017
8.9328;-82.9471
8.933;-82.9926
8.9324;-82.8562
8.7972;-82.9477
8.797;-82.9023
8.887;-82.811
8.8872;-82.8565
8.8872;-82.8565
8.8872;-82.8565
8.8872;-82.8565
8.8424;-82.9475
8.887;-82.811
8.8868;-82.7656
8.8422;-82.9021
8.8868;-82.7656
8.887;-82.811
8.8422;-82.9021
8.8872;-82.8565
8.8422;-82.9021
8.8422;-82.9021
8.797;-82.9023
8.797;-82.9023
8.887;-82.811
8.842;-82.8567
8.797;-82.9023
8.8422;-82.9021
8.797;-82.9023
8.8422;-82.9021
8.797;-82.9023
8.7972;-82.9477
8.887;-82.811
8.797;-82.9023
8.8422;-82.9021
8.8422;-82.9021
8.8424;-82.9475
8.8426;-82.993
8.8878;-82.9928
8.8424;-82.9475
8.8876;-82.9473
8.8426;-82.993
8.8876;-82.9473
8.7972;-82.9477
8.8426;-82.993
8.8876;-82.9473
8.8878;-82.9928
8.8424;-82.9475
8.8874;-82.9019
8.7972;-82.9477
8.8424;-82.9475
8.8878;-82.9928
8.8878;-82.9928
8.8874;-82.9019
8.8874;-82.9019
8.8874;-82.9019
8.8424;-82.9475
8.8426;-82.993
8.7974;-82.9932
8.8874;-82.9019
8.7974;-82.9932
8.7082;-83.3115
8.5722;-83.1757
8.572;-83.1303
8.572;-83.1303
8.5717;-83.0395
8.6175;-83.221
8.7082;-83.3115
8.663;-83.3116
8.7531;-83.2205
8.6629;-83.2662
8.5718;-83.0849
8.7534;-83.3113
8.5718;-83.0849
8.6627;-83.2208
8.6626;-83.1754
8.617;-83.0847
8.5717;-83.0395
8.617;-83.0847
8.6622;-83.0846
8.6172;-83.1301
8.5718;-83.0849
8.6172;-83.1301
8.6626;-83.1754
8.617;-83.0847
8.6626;-83.1754
8.5718;-83.0849
8.6174;-83.1756
8.572;-83.1303
8.6174;-83.1756
8.6172;-83.1301
8.7082;-83.3115
8.6174;-83.1756
8.6629;-83.2662
8.6626;-83.1754
8.5717;-83.0395
8.6168;-83.0393
8.7079;-83.2206
8.7076;-83.1298
8.7072;-83.039
8.7528;-83.1296
8.7078;-83.1752
8.7072;-83.039
8.707;-82.9936
8.662;-83.0392
8.6167;-82.9939
8.6167;-82.9939
8.6619;-82.9937
8.6619;-82.9937
8.6168;-83.0393
8.662;-83.0392
8.662;-83.0392
8.6168;-83.0393
8.6622;-83.0846
8.7078;-83.1752
8.7074;-83.0844
8.6622;-83.0846
8.6619;-82.9937
8.707;-82.9936
8.7078;-83.1752
8.3461;-83.1312
8.4813;-83.0399
8.1646;-82.9505
8.4363;-83.0855
8.4361;-83.0401
8.4363;-83.0855
8.4815;-83.0853
8.4813;-83.0399
8.3913;-83.131
8.5267;-83.0851
8.5265;-83.0397
8.4815;-83.0853
8.3911;-83.0856
8.2098;-82.9503
8.4815;-83.0853
8.255;-82.9501
8.5265;-83.0397
8.255;-82.9501
8.0741;-82.9056
8.4363;-83.0855
8.3913;-83.131
8.3911;-83.0856
8.4815;-83.0853
8.4361;-83.0401
8.1644;-82.9052
8.5268;-83.1305
8.4372;-83.3577
8.5729;-83.4027
8.6183;-83.448
8.5729;-83.4027
8.4375;-83.4485
8.3918;-83.2671
8.5277;-83.4028
8.5728;-83.3573
8.5727;-83.3119
8.6634;-83.4478
8.6181;-83.4026
8.6183;-83.448
8.5727;-83.3119
8.6634;-83.4478
8.5275;-83.3121
8.5275;-83.3121
8.3918;-83.2671
8.5728;-83.3573
8.3918;-83.2671
8.5728;-83.3573
8.5276;-83.3574
8.5265;-83.0397
9.116;-83.7194
9.2067;-83.8557
9.2519;-83.8556
9.2519;-83.8556
9.2518;-83.8101
9.1159;-83.6739
9.2065;-83.7647
9.1159;-83.6739
9.1613;-83.7648
9.2066;-83.8102
9.1612;-83.7193
9.2065;-83.7647
9.1612;-83.7193
9.2066;-83.8102
9.1159;-83.6285
9.1613;-83.7648
9.0708;-83.674
8.889;-83.3109
8.8893;-83.4018
8.9798;-83.4469
8.8888;-83.2654
8.9798;-83.4469
8.9798;-83.4469
8.9342;-83.3107
8.934;-83.2653
8.9348;-83.538
8.9347;-83.4925
8.9347;-83.4925
8.9347;-83.4925
8.9347;-83.4925
8.9347;-83.4925
8.9347;-83.4925
8.9347;-83.4925
8.9347;-83.4925
8.8891;-83.3563
8.9345;-83.4016
8.9346;-83.4471
8.9798;-83.4469
8.9346;-83.4471
8.9343;-83.3562
8.8895;-83.4926
8.8891;-83.3563
8.8891;-83.3563
8.9345;-83.4016
8.8891;-83.3563
8.9343;-83.3562
8.9342;-83.3107
8.9346;-83.4471
8.9347;-83.4925
8.9345;-83.4016
8.9345;-83.4016
8.7985;-83.2657
8.7988;-83.3566
8.8437;-83.2656
8.7985;-83.2657
8.8438;-83.311
8.8438;-83.311
8.7531;-83.2205
8.7529;-83.1751
8.7985;-83.2657
8.7983;-83.2203
8.8438;-83.311
8.7986;-83.3112
8.8438;-83.311
8.8888;-83.2654
8.8438;-83.311
8.8438;-83.311
8.8891;-83.3563
9.0252;-83.5377
8.9803;-83.6288
8.9351;-83.6289
9.0252;-83.5377
9.0252;-83.5377
9.0251;-83.4923
9.0255;-83.6287
8.9348;-83.538
8.9799;-83.4924
8.98;-83.5379
8.9347;-83.4925
8.98;-83.5379
9.0707;-83.6286
8.98;-83.5379
8.98;-83.5379
9.0707;-83.6286
9.0707;-83.6286
9.0253;-83.5832
9.0253;-83.5832
8.9802;-83.5833
9.0252;-83.5377
9.0253;-83.5832
9.0708;-83.674
9.0705;-83.5831
8.8443;-83.4928
8.7086;-83.4477
8.7537;-83.4022
8.7537;-83.4022
8.8442;-83.4473
8.7543;-83.6293
8.8896;-83.5381
8.7088;-83.4931
8.8445;-83.5382
8.6636;-83.4933
8.7091;-83.6294
8.8893;-83.4018
8.7088;-83.4931
8.8895;-83.4926
8.7088;-83.4931
8.7542;-83.5839
8.7086;-83.4477
8.7537;-83.4022
8.8894;-83.4472
8.7537;-83.4022
8.7989;-83.402
8.7086;-83.4477
8.7536;-83.3567
8.7993;-83.5383
8.7994;-83.5837
8.7089;-83.5385
8.7088;-83.4931
8.7993;-83.5383
8.8894;-83.4472
8.7991;-83.4929
8.6189;-83.7204
8.8442;-83.4473
8.8443;-83.4928
8.7988;-83.3566
9.2969;-83.7646
9.2517;-83.7646
9.2517;-83.7646
9.2971;-83.8556
9.2518;-83.8101
9.2971;-83.8556
9.297;-83.8101
9.297;-83.8101
9.3875;-83.8554
9.297;-83.8101
9.2517;-83.7646
9.3422;-83.81
9.2518;-83.8101
9.3422;-83.81
9.297;-83.8101
9.3422;-83.81
9.3422;-83.81
9.2518;-83.8101
9.4328;-83.9009
9.2518;-83.8101
9.2969;-83.7646
9.3422;-83.81
9.2969;-83.7646
9.2965;-83.5826
9.3416;-83.5369
9.3868;-83.5368
9.2513;-83.5827
9.3419;-83.628
9.2965;-83.5826
9.387;-83.5823
9.2965;-83.5826
9.2967;-83.6281
9.2965;-83.5826
9.3419;-83.628
9.3418;-83.5824
9.3418;-83.5824
9.3418;-83.5824
9.2965;-83.5826
9.3418;-83.5824
9.3418;-83.5824
9.342;-83.6735
9.2515;-83.6282
9.342;-83.6735
9.342;-83.6735
9.2515;-83.6282
9.342;-83.6735
9.342;-83.6735
9.2515;-83.6737
9.2967;-83.6281
9.2967;-83.6281
9.2968;-83.6736
9.2968;-83.6736
9.2515;-83.6282
9.2515;-83.6737
9.2515;-83.6737
9.342;-83.6735
9.342;-83.6735
9.3872;-83.6734
9.342;-83.6735
9.3872;-83.6734
9.342;-83.6735
9.3872;-83.6734
9.3871;-83.6279
9.3872;-83.6734
9.2967;-83.6281
9.3871;-83.6279
9.3871;-83.6279
9.3419;-83.628
9.3871;-83.6279
9.4778;-83.8098
9.4325;-83.7643
9.4325;-83.7188
9.5229;-83.7186
9.4776;-83.6732
9.4777;-83.7187
9.4325;-83.7188
9.4776;-83.6732
9.3872;-83.7189
9.4325;-83.7188
9.4325;-83.7188
9.4777;-83.7642
9.4777;-83.7642
9.5681;-83.7185
9.4325;-83.7188
9.1609;-83.5829
9.1156;-83.5375
9.0704;-83.5376
9.1609;-83.5829
9.1609;-83.5829
9.1157;-83.583
9.1156;-83.5375
9.1607;-83.4919
9.1155;-83.492
9.1609;-83.5829
9.1608;-83.5374
9.1156;-83.5375
9.1155;-83.492
9.2061;-83.5828
9.2061;-83.5828
9.1608;-83.5374
9.1609;-83.5829
9.1609;-83.5829
9.206;-83.5373
9.2061;-83.5828
9.1609;-83.5829
9.1155;-83.492
9.1609;-83.5829
9.2061;-83.5828
9.206;-83.5373
9.1156;-83.5375
9.2061;-83.5828
9.1611;-83.6284
9.1157;-83.583
9.1156;-83.5375
9.1156;-83.5375
9.2063;-83.6737
9.1611;-83.6738
9.2063;-83.6283
9.2063;-83.6283
9.2515;-83.6737
9.1611;-83.6284
9.1611;-83.6284
9.2063;-83.6283
9.2063;-83.6283
9.2063;-83.6283
9.2063;-83.6737
9.2515;-83.6282
9.2513;-83.5827
9.2063;-83.6283
9.2063;-83.6283
9.2063;-83.6283
9.2063;-83.6737
9.1611;-83.6738
9.2063;-83.6737
9.4328;-83.9464
9.3873;-83.7644
9.4326;-83.8098
9.4327;-83.8554
9.4327;-83.8554
9.4325;-83.7643
9.4326;-83.8098
9.3874;-83.8099
9.3873;-83.7644
9.4327;-83.8554
9.4328;-83.9464
9.5228;-83.6731
9.5228;-83.6731
9.4774;-83.5821
9.4776;-83.6732
9.4776;-83.6732
9.4323;-83.6278
9.4323;-83.6278
9.4774;-83.5821
9.4774;-83.5821
9.4323;-83.6278
9.4775;-83.6277
9.4323;-83.6278
9.4776;-83.6732
9.5228;-83.6731
9.5227;-83.6275
9.5228;-83.6731
9.4324;-83.6733
9.5227;-83.6275
9.4324;-83.6733
9.4774;-83.5821
9.4323;-83.6278
9.4776;-83.6732
9.4324;-83.6733
9.4323;-83.6278
9.2516;-83.7191
9.3421;-83.7645
9.2969;-83.7646
9.2968;-83.6736
9.2968;-83.7191
9.2968;-83.7191
9.2515;-83.6737
9.3872;-83.7189
9.2969;-83.7646
9.3872;-83.6734
9.2516;-83.7191
9.2968;-83.6736
9.3872;-83.6734
9.342;-83.6735
9.2968;-83.7191
9.3421;-83.7645
9.2968;-83.7191
9.342;-83.719
9.3872;-83.6734
9.4324;-83.6733
9.2516;-83.7191
9.342;-83.719
9.4324;-83.6733
9.3872;-83.7189
9.2516;-83.7191
9.2968;-83.7191
9.2968;-83.7191
9.342;-83.719
9.342;-83.6735
9.3872;-83.7189
9.3872;-83.7189
9.4325;-83.7188
9.3873;-83.7644
9.342;-83.719
9.2515;-83.6737
9.3872;-83.7189
9.2968;-83.7191
9.2516;-83.7191
9.342;-83.719
9.3872;-83.7189
9.3872;-83.7189
9.3872;-83.7189
9.2515;-83.6737
9.2968;-83.7191
9.3872;-83.7189
9.3872;-83.7189
9.3415;-83.4914
9.2964;-83.5371
9.2512;-83.5372
9.2964;-83.5371
9.2964;-83.5371
9.3418;-83.5824
9.2963;-83.4916
9.2963;-83.4916
9.2964;-83.5371
9.2964;-83.5371
9.2513;-83.5827
9.2964;-83.5371
9.2964;-83.5371
9.2512;-83.5372
9.3415;-83.4914
9.885;-84.0826
9.885;-84.0826
9.885;-84.1282
9.885;-84.1282
9.9302;-84.1282
9.885;-84.1282
9.885;-84.1282
9.885;-84.0826
9.9298;-83.7634
9.9298;-83.7634
9.9298;-83.7634
9.9298;-83.7634
9.8847;-83.8091
9.8847;-83.8091
9.8847;-83.8091
9.8847;-83.8091
9.8847;-83.8091
9.8847;-83.8091
9.8847;-83.8091
9.8847;-83.8091
9.8847;-83.8091
9.9299;-83.809
9.9299;-83.809
9.9299;-83.809
9.9299;-83.809
9.9299;-83.809
9.9299;-83.809
9.9299;-83.809
9.9751;-83.8089
9.9299;-83.809
9.9299;-83.809
9.9299;-83.809
9.8847;-83.8091
9.9752;-83.8545
9.9299;-83.809
9.9299;-83.809
9.9751;-83.8089
9.8396;-83.9003
9.7944;-83.9004
9.8397;-83.9459
9.8396;-83.9003
9.8396;-83.9003
9.7944;-83.9004
9.7944;-83.9004
9.8397;-83.9459
9.8396;-83.9003
9.8848;-83.9003
9.8848;-83.9003
9.8848;-83.9003
9.7946;-84.0371
9.7946;-84.0827
9.7946;-84.0827
9.7946;-84.0827
9.8398;-84.0371
9.7946;-84.0371
9.7946;-84.0827
9.7493;-84.0371
9.7494;-84.0827
9.7946;-84.0371
9.7946;-84.0827
9.7946;-84.0827
9.7946;-84.0371
9.7946;-84.0371
9.7946;-84.0827
9.7946;-84.0827
9.7493;-84.0371
9.7946;-84.0371
9.8396;-83.9003
9.8396;-83.9003
9.8396;-83.9003
9.8396;-83.9003
9.7944;-83.9004
9.7944;-83.9004
9.8395;-83.8547
9.8397;-83.9459
9.8849;-83.9458
9.9301;-83.9458
9.9301;-83.9458
9.93;-83.9002
9.8848;-83.9003
9.93;-83.9002
9.93;-83.9002
9.9301;-83.9458
9.93;-83.9002
9.93;-83.9002
9.93;-83.9002
9.8849;-83.9458
9.8848;-83.9003
9.8848;-83.9003
9.8397;-83.9915
9.8398;-84.0371
9.8397;-83.9915
9.8849;-83.9914
9.8397;-83.9915
9.8397;-83.9915
9.8397;-83.9915
9.8849;-83.9458
9.8849;-83.9458
9.9301;-83.9458
9.8849;-83.9458
9.8849;-83.9458
9.9301;-83.9458
9.8849;-83.9458
9.9301;-83.9458
9.8849;-83.9458
9.8849;-83.9458
9.8848;-83.9003
9.8848;-83.9003
9.93;-83.9002
9.93;-83.9002
9.93;-83.9002
9.93;-83.9002
9.9752;-83.9001
9.8848;-83.9003
9.93;-83.9002
9.93;-83.9002
9.9302;-84.037
9.9302;-84.037
9.9302;-84.037
9.9302;-84.037
9.9301;-83.9914
9.9301;-83.9914
9.9302;-84.037
9.885;-84.037
9.885;-84.037
9.885;-84.0826
9.885;-84.0826
9.885;-84.0826
9.7493;-84.0371
9.7494;-84.0827
9.7493;-84.0371
9.7493;-84.0371
9.885;-84.0826
9.885;-84.037
9.885;-84.037
9.885;-84.037
9.7946;-84.0827
9.7946;-84.0827
9.7946;-84.0827
9.7946;-84.0827
9.8398;-84.0826
9.7946;-84.0827
9.8398;-84.0826
9.7946;-84.0827
9.7494;-84.0827
9.885;-84.037
9.885;-84.037
9.7492;-83.946
9.704;-83.9461
9.7493;-83.9916
9.7493;-83.9916
9.7493;-83.9916
9.7493;-84.0371
9.7493;-83.9916
9.885;-84.0826
9.7946;-84.0371
9.8398;-84.0371
9.885;-84.0826
9.8398;-84.0371
9.8398;-84.0371
9.8398;-84.0826
9.8398;-84.0826
9.885;-84.037
9.7946;-84.0371
9.8398;-84.0371
9.885;-84.0826
9.8398;-84.0826
9.885;-84.0826
9.885;-84.0826
9.885;-84.0826
9.6588;-83.9006
9.6588;-83.9006
9.6136;-83.9006
9.6588;-83.9461
9.6134;-83.764
9.6587;-83.855
9.6134;-83.8095
9.6136;-83.9006
9.5683;-83.8552
9.6134;-83.8095
9.6587;-83.855
9.6136;-83.9006
9.6588;-83.9006
9.704;-83.9461
9.7041;-83.9916
9.6136;-83.9462
9.6137;-83.9917
9.6589;-83.9917
9.6136;-83.9462
9.5685;-83.9918
9.6136;-83.9462
9.6589;-83.9917
9.6589;-83.9917
9.6589;-83.9917
9.7946;-84.0371
9.7946;-84.0371
9.7945;-83.9915
9.7945;-83.9915
9.704;-83.9005
9.8397;-83.9459
9.7945;-83.946
9.704;-83.9005
9.7945;-83.946
9.7945;-83.9915
9.7945;-83.946
9.6135;-83.8551
9.8397;-83.9459
9.704;-83.9005
9.6135;-83.8551
9.7945;-83.946
9.8397;-83.9459
9.8397;-83.9459
9.704;-83.9461
9.7945;-83.946
9.704;-83.9005
9.7945;-83.9915
9.8397;-83.9915
9.7945;-83.946
9.704;-83.9005
9.8397;-83.9459
9.7492;-83.946
9.8397;-83.9459
9.704;-83.9005
9.7492;-83.946
9.6587;-83.855
9.7492;-83.946
9.7493;-83.9916
9.8397;-83.9459
9.8397;-83.9459
9.8397;-83.9459
9.8397;-83.9459
9.8397;-83.9459
9.8397;-83.9915
9.8397;-83.9915
9.8398;-84.0371
9.8397;-83.9459
9.8397;-83.9915
9.8397;-83.9915
9.9302;-84.1282
9.9302;-84.1282
9.9303;-84.1738
9.8851;-84.1738
9.9302;-84.1282
9.885;-84.1282
9.885;-84.1282
9.885;-84.1282
9.885;-84.1282
9.9302;-84.1282
9.9303;-84.1738
9.9302;-84.1282
9.9303;-84.1738
9.9302;-84.1282
9.9302;-84.1282
9.9302;-84.1282
9.9302;-84.0826
9.9302;-84.0826
9.9754;-84.0369
9.9302;-84.037
9.9754;-84.0369
9.9754;-84.0369
9.9753;-83.9913
9.9754;-84.0369
9.9754;-84.0369
9.9753;-83.9457
9.9752;-83.9001
9.9753;-83.9913
9.9753;-83.9457
9.9752;-83.9001
9.9753;-83.9913
9.8845;-83.7179
9.8846;-83.7635
9.9297;-83.7178
9.9298;-83.7634
9.8845;-83.7179
9.8846;-83.7635
9.8393;-83.718
9.8846;-83.7635
9.8846;-83.7635
9.8846;-83.7635
9.8846;-83.7635
9.8846;-83.7635
9.7941;-83.7181
9.7941;-83.7181
9.8392;-83.6724
9.794;-83.6725
9.8392;-83.6724
9.8393;-83.718
9.7939;-83.6269
9.794;-83.6725
9.7941;-83.7181
9.8392;-83.6724
9.8392;-83.6724
9.8392;-83.6724
9.8392;-83.6724
9.7941;-83.7181
9.7941;-83.7181
9.7942;-83.7637
9.7941;-83.7181
9.7942;-83.7637
9.8392;-83.6724
9.7941;-83.7181
9.8393;-83.718
9.8846;-83.7635
9.8846;-83.7635
9.8394;-83.7636
9.8394;-83.7636
9.8393;-83.718
9.8393;-83.718
9.8393;-83.718
9.8393;-83.718
9.9301;-83.9914
9.9301;-83.9914
9.9301;-83.9914
9.885;-84.037
9.8849;-83.9914
9.885;-84.037
9.8849;-83.9914
9.8849;-83.9914
9.9301;-83.9914
9.9301;-83.9914
9.8849;-83.9914
9.9301;-83.9914
9.8849;-83.9914
9.9301;-83.9914
9.9301;-83.9914
9.8849;-83.9914
9.7042;-84.1283
9.659;-84.0828
9.659;-84.1283
9.7042;-84.1283
9.659;-84.0828
9.659;-84.1283
9.659;-84.1283
9.7494;-84.0827
9.7042;-84.0827
9.7042;-84.0827
9.7042;-84.0827
9.7494;-84.0827
9.7494;-84.0827
9.7493;-84.0371
9.7041;-84.0372
9.7041;-84.0372
9.659;-84.0828
9.7042;-84.0827
9.659;-84.0828
9.7041;-84.0372
9.6589;-84.0372
9.6589;-84.0372
9.7041;-84.0372
9.7041;-84.0372
9.7041;-83.9916
9.7041;-84.0372
9.7493;-84.0371
9.9302;-84.037
9.9302;-84.037
9.9302;-84.037
9.9302;-84.037
9.9302;-84.037
9.9302;-84.037
9.9302;-84.037
9.9302;-84.037
9.9302;-84.0826
9.9301;-83.9914
9.9301;-83.9914
10.0658;-83.9912
10.0205;-83.9913
10.0205;-83.9913
10.0206;-84.0369
10.0205;-83.9913
9.9754;-84.0369
9.9754;-84.0825
9.9754;-84.0369
9.9754;-84.0369
9.9754;-84.0369
9.9754;-84.0369
9.9754;-84.0369
9.9754;-84.0369
9.8847;-83.8547
9.8847;-83.8547
9.8847;-83.8547
9.8847;-83.8547
9.8847;-83.8547
9.8847;-83.8547
9.8848;-83.9003
9.8848;-83.9003
9.8847;-83.8547
9.8847;-83.8547
9.8848;-83.9003
9.93;-83.8546
9.93;-83.9002
9.93;-83.8546
9.8848;-83.9003
9.8848;-83.9003
9.8848;-83.9003
9.8848;-83.9003
9.8396;-83.9003
9.8848;-83.9003
9.93;-83.8546
9.93;-83.8546
9.93;-83.8546
9.93;-83.8546
9.93;-83.8546
9.93;-83.8546
9.93;-83.8546
9.93;-83.8546
9.93;-83.8546
9.93;-83.8546
9.8395;-83.8092
9.8395;-83.8092
9.8395;-83.8092
9.8395;-83.8092
9.7943;-83.8092
9.8395;-83.8092
9.8846;-83.7635
9.7943;-83.8092
9.8395;-83.8092
9.8395;-83.8092
9.8395;-83.8092
9.8394;-83.7636
9.8395;-83.8092
9.7943;-83.8092
9.7943;-83.8548
9.7943;-83.8548
9.5681;-83.7185
9.7491;-83.8093
9.7943;-83.8548
9.7491;-83.8549
9.7943;-83.8548
9.749;-83.7637
9.7943;-83.8548
9.7491;-83.8093
9.7491;-83.8549
9.7943;-83.8548
9.7491;-83.8093
9.7943;-83.8092
9.7491;-83.8093
9.7943;-83.8548
9.5681;-83.7185
9.8395;-83.8547
9.8395;-83.8547
9.8395;-83.8547
9.8395;-83.8547
9.8395;-83.8547
9.8395;-83.8547
9.7943;-83.8548
9.8395;-83.8092
9.8395;-83.8092
9.8395;-83.8092
9.8395;-83.8092
9.8395;-83.8092
9.8847;-83.8091
9.8847;-83.8091
9.8847;-83.8091
9.8847;-83.8547
9.8846;-83.7635
9.8846;-83.7635
9.8395;-83.8092
9.8395;-83.8092
9.8395;-83.8092
9.8395;-83.8092
9.8847;-83.8091
9.8847;-83.8091
9.8395;-83.8092
9.9302;-84.0826
9.9302;-84.0826
9.9302;-84.0826
9.9302;-84.0826
9.9302;-84.0826
9.9302;-84.0826
9.9302;-84.0826
9.9302;-84.0826
9.9302;-84.0826
9.9302;-84.0826
9.9302;-84.0826
9.9302;-84.0826
9.9302;-84.0826
9.9302;-84.0826
9.9302;-84.0826
9.9302;-84.0826
9.9302;-84.0826
9.9302;-84.0826
9.9302;-84.0826
9.9302;-84.1282
9.9302;-84.1282
9.9302;-84.1282
9.9302;-84.0826
9.9302;-84.0826
9.9302;-84.0826
9.9302;-84.0826
9.9302;-84.1282
9.9302;-84.0826
9.9302;-84.0826
9.9302;-84.1282
9.9302;-84.0826
9.9755;-84.1281
9.9755;-84.1737
9.9302;-84.1282
9.9755;-84.1737
9.9302;-84.1282
9.9755;-84.1737
9.9302;-84.1282
9.9302;-84.0826
9.9302;-84.0826
9.9302;-84.037
9.9302;-84.0826
9.885;-84.0826
9.885;-84.0826
9.885;-84.0826
9.9302;-84.0826
9.9755;-84.1281
9.9755;-84.1281
9.9755;-84.1281
9.9755;-84.1281
9.9755;-84.1737
9.9754;-84.0825
9.9302;-84.0826
9.9755;-84.1281
9.9302;-84.0826
9.9302;-84.0826
9.9302;-84.037
9.9303;-84.2193
9.9303;-84.2193
9.9303;-84.2193
9.9755;-84.1737
9.9303;-84.1738
9.9755;-84.2193
9.9303;-84.1738
9.9303;-84.1738
9.9303;-84.1738
9.8851;-84.1738
9.8851;-84.1738
9.9303;-84.1738
9.9303;-84.1738
9.9303;-84.1738
9.9303;-84.1738
9.9303;-84.1738
9.9303;-84.1738
9.9303;-84.1738
9.9303;-84.1738
9.9303;-84.2193
9.9303;-84.1738
9.9303;-84.2193
9.6138;-84.1284
9.6138;-84.1284
9.659;-84.0828
9.659;-84.0828
9.6138;-84.0828
9.6138;-84.1284
9.6138;-84.0828
9.5685;-84.0373
9.659;-84.0828
9.6137;-84.0373
9.5685;-84.0373
9.6589;-84.0372
9.4781;-83.9919
9.6138;-84.0828
9.5685;-84.0373
9.6138;-84.0828
9.4781;-84.0374
9.6137;-84.0373
9.6138;-84.0828
9.5685;-84.0373
9.6589;-84.0372
9.4329;-83.9919
9.5234;-84.0829
9.6589;-84.0372
9.6589;-84.0372
9.6137;-84.0373
9.6137;-84.0373
9.6589;-84.0372
9.6137;-84.0373
9.6137;-84.0373
9.6137;-84.0373
9.6137;-84.0373
9.5685;-84.0373
9.7041;-83.9916
9.6589;-84.0372
9.6589;-83.9917
9.6589;-84.0372
9.6589;-84.0372
9.6589;-84.0372
9.6589;-83.9917
9.6589;-84.0372
9.6589;-83.9917
9.6589;-84.0372
9.9754;-84.0825
9.9302;-84.0826
9.9302;-84.0826
9.9754;-84.0825
9.9754;-84.0825
9.9754;-84.0825
9.9754;-84.0825
9.8387;-83.4445
9.7933;-83.3991
9.703;-83.4449
9.7934;-83.4446
9.8387;-83.4445
9.8388;-83.4901
9.8387;-83.4445
9.7484;-83.4903
9.7936;-83.4902
9.8385;-83.3989
9.7034;-83.5816
9.7033;-83.536
9.8388;-83.4901
9.8385;-83.3989
9.7937;-83.5358
9.9296;-83.6722
9.9296;-83.6722
9.9296;-83.6722
9.9296;-83.6722
9.9295;-83.6266
9.9296;-83.6722
9.8842;-83.5811
9.8392;-83.6724
9.8842;-83.5811
9.9294;-83.581
9.8391;-83.6268
9.8843;-83.6267
9.839;-83.5813
9.8843;-83.6267
9.8843;-83.6267
9.9294;-83.581
9.839;-83.5813
9.8391;-83.6268
9.7939;-83.6269
9.8842;-83.5811
9.8842;-83.5811
9.8842;-83.5811
9.9294;-83.581
9.839;-83.5813
9.8391;-83.6268
9.8391;-83.6268
9.7939;-83.6269
9.8842;-83.5811
9.8843;-83.6267
9.8391;-83.6268
9.8843;-83.6267
9.8843;-83.6267
9.9295;-83.6266
9.9294;-83.581
9.8843;-83.6267
9.9294;-83.581
9.9295;-83.6266
9.8843;-83.6267
9.8843;-83.6267
9.8843;-83.6267
9.9747;-83.6265
9.9747;-83.6265
9.9747;-83.6265
10.0202;-83.7632
10.0201;-83.7176
10.02;-83.672
9.9749;-83.7177
9.9749;-83.7177
9.9749;-83.7177
9.9751;-83.8089
10.0202;-83.7632
9.9749;-83.7177
9.975;-83.7633
10.0202;-83.7632
9.975;-83.7633
9.975;-83.7633
9.9749;-83.7177
9.9749;-83.7177
9.9749;-83.7177
9.9749;-83.7177
9.9297;-83.7178
9.9297;-83.7178
9.9297;-83.7178
9.9297;-83.7178
9.9297;-83.7178
9.9297;-83.7178
9.9297;-83.7178
10.02;-83.672
9.9747;-83.6265
9.9748;-83.6721
9.9748;-83.6721
9.9748;-83.6721
9.9295;-83.6266
9.9747;-83.6265
9.9747;-83.6265
9.9748;-83.6721
9.9748;-83.6721
9.9748;-83.6721
9.9748;-83.6721
9.9295;-83.6266
9.9747;-83.6265
10.02;-83.672
9.9748;-83.6721
9.9747;-83.6265
9.9748;-83.6721
10.02;-83.672
9.9748;-83.6721
9.9295;-83.6266
10.0199;-83.6264
9.9295;-83.6266
9.8388;-83.4901
9.8389;-83.5357
9.7938;-83.5814
9.8389;-83.5357
9.7937;-83.5358
9.7937;-83.5358
9.8389;-83.5357
9.7937;-83.5358
9.839;-83.5813
9.7937;-83.5358
9.8388;-83.4901
9.8389;-83.5357
9.9746;-83.5809
9.9293;-83.5354
9.9746;-83.5809
9.9746;-83.5809
9.9746;-83.5809
9.9746;-83.5809
9.9746;-83.5809
9.8389;-83.5357
9.839;-83.5813
9.8841;-83.5356
9.8841;-83.5356
9.839;-83.5813
9.839;-83.5813
9.839;-83.5813
9.839;-83.5813
9.839;-83.5813
9.8842;-83.5811
9.839;-83.5813
9.8841;-83.5356
9.839;-83.5813
9.8844;-83.6723
9.8845;-83.7179
9.8393;-83.718
9.8845;-83.7179
9.9297;-83.7178
9.8844;-83.6723
9.9296;-83.6722
9.9297;-83.7178
9.8844;-83.6723
9.9296;-83.6722
9.8845;-83.7179
9.8844;-83.6723
9.9296;-83.6722
9.8844;-83.6723
9.9297;-83.7178
9.8844;-83.6723
9.8844;-83.6723
9.9296;-83.6722
9.9297;-83.7178
9.8845;-83.7179
9.8845;-83.7179
9.8844;-83.6723
9.8844;-83.6723
9.9753;-83.9913
10.0205;-83.9457
9.9753;-83.9913
10.0204;-83.9001
10.0204;-83.9001
9.9753;-83.9913
10.0656;-83.9
9.9753;-83.9457
9.9753;-83.9913
10.0658;-83.9912
9.9754;-84.0369
10.0205;-83.9913
9.9753;-83.9913
9.9754;-84.0369
9.9753;-83.9913
9.9753;-83.9913
9.9753;-83.9457
9.9753;-83.9913
10.0207;-84.2193
10.0659;-84.1737
10.0207;-84.2193
10.0207;-84.2193
10.0207;-84.2193
10.0207;-84.2193
10.0659;-84.1737
10.0207;-84.2193
10.0659;-84.1737
10.0659;-84.1737
10.1111;-84.1737
10.1111;-84.1737
10.1111;-84.1737
10.0659;-84.1737
10.0207;-84.1737
10.0207;-84.1737
10.0207;-84.3105
9.9755;-84.3105
10.0207;-84.2649
9.9755;-84.3105
9.9755;-84.3105
9.9755;-84.3105
9.9755;-84.3105
9.9755;-84.3105
9.9755;-84.3105
9.9755;-84.2193
9.9303;-84.2649
9.9755;-84.2193
9.9755;-84.2649
9.9755;-84.2649
9.9303;-84.2649
9.9755;-84.2649
9.9755;-84.2193
9.9755;-84.2193
9.9303;-84.3105
9.9303;-84.3105
9.9755;-84.2193
10.0207;-84.2193
10.0207;-84.1737
10.0207;-84.2193
10.0207;-84.1737
10.1563;-84.1736
10.0659;-84.2193
10.1111;-84.2193
10.0659;-84.2193
10.1111;-84.2193
10.1563;-84.1736
10.0659;-84.2193
10.1563;-84.1736
10.0659;-84.2193
10.0659;-84.2193
10.0659;-84.2649
10.0207;-84.2193
9.9755;-84.2649
9.9755;-84.2649
9.9755;-84.2649
9.9755;-84.2193
9.9755;-84.2649
10.0207;-84.2193
10.0659;-84.2193
10.0659;-84.2193
10.0207;-84.2193
10.1111;-84.1737
10.1111;-84.1737
10.1111;-84.1737
10.0659;-84.2193
10.0659;-84.2193
10.1111;-84.1737
10.1563;-84.1736
10.0659;-84.2193
10.0659;-84.2193
10.0659;-84.1737
10.0659;-84.2193
10.0207;-84.2193
10.0659;-84.2193
10.0659;-84.2193
10.0207;-84.2649
10.0207;-84.2193
10.0207;-84.2193
10.0207;-84.2193
9.9755;-84.2193
9.9303;-84.2193
9.9755;-84.2193
9.9755;-84.2193
9.9755;-84.2193
9.9755;-84.2193
9.9755;-84.2193
9.9755;-84.2193
10.0207;-84.2649
10.0207;-84.2649
10.0207;-84.3105
10.0207;-84.2193
10.0207;-84.2193
10.0659;-84.2193
9.9303;-84.3105
9.9303;-84.3105
9.9755;-84.3561
9.9303;-84.3105
9.9755;-84.3105
9.9303;-84.3561
9.9755;-84.3105
9.9755;-84.3105
9.9755;-84.3105
9.9303;-84.3561
9.9755;-84.3105
10.2468;-84.4018
10.2468;-84.4018
10.2468;-84.4018
10.2468;-84.4018
10.2468;-84.4018
10.2468;-84.4018
10.2015;-84.4474
10.2016;-84.4018
10.2016;-84.4018
10.1563;-84.4018
10.2016;-84.4018
10.2016;-84.4018
10.2015;-84.4474
10.2016;-84.4018
10.2467;-84.4931
10.2016;-84.3562
10.2016;-84.3562
10.2016;-84.4018
10.2016;-84.4018
10.2468;-84.4018
10.2467;-84.4474
10.2467;-84.4474
10.2468;-84.4018
10.2467;-84.4931
10.2468;-84.4018
10.2016;-84.4018
10.2016;-84.4018
9.9755;-84.3561
9.9755;-84.4017
9.9755;-84.3561
9.9755;-84.3561
9.9303;-84.4017
9.9755;-84.3561
9.9755;-84.3561
9.9303;-84.3561
9.9303;-84.3561
9.9755;-84.3561
9.9303;-84.4017
9.9303;-84.4473
9.9303;-84.4473
9.9303;-84.4017
9.9303;-84.4017
9.9303;-84.4017
9.9303;-84.4017
9.9303;-84.4473
9.9755;-84.4473
9.9303;-84.4473
9.9755;-84.4473
9.9755;-84.4017
9.9755;-84.4017
9.9755;-84.4473
9.9755;-84.4017
9.9303;-84.4473
9.9755;-84.4017
9.9755;-84.4017
9.9755;-84.4017
9.9755;-84.4017
10.0207;-84.4474
9.9755;-84.4017
9.9755;-84.4017
9.9755;-84.4473
10.0207;-84.4474
9.9755;-84.4017
10.0207;-84.4017
10.0207;-84.4017
10.0207;-84.4017
10.0207;-84.4017
10.0207;-84.4017
10.0207;-84.4017
10.0207;-84.4017
10.0207;-84.4017
10.0207;-84.3561
10.0207;-84.3561
10.0207;-84.3561
10.0207;-84.1281
10.0659;-84.1281
10.111;-84.0824
10.0658;-84.0825
10.0659;-84.1281
10.111;-84.0824
10.111;-84.0824
10.0659;-84.1281
10.0659;-84.1281
10.0659;-84.1281
10.1111;-84.128
10.0659;-84.1281
10.1111;-84.128
10.0659;-84.1281
10.0659;-84.1281
10.0659;-84.1281
10.0207;-84.1281
10.0207;-84.1281
10.0207;-84.1281
10.0659;-84.1281
10.0659;-84.1281
10.0207;-84.1281
10.0207;-84.1281
10.0207;-84.1281
10.0207;-84.1281
10.0207;-84.1281
10.0207;-84.1281
10.0207;-84.1281
9.9755;-84.1737
9.9755;-84.1737
10.0207;-84.1737
9.9755;-84.1737
9.9755;-84.1737
9.9755;-84.1737
10.0207;-84.1281
10.0207;-84.1737
10.0207;-84.1737
10.0207;-84.1737
10.0207;-84.1737
10.1111;-84.3105
10.1111;-84.3105
10.1111;-84.3105
10.1111;-84.3105
10.1111;-84.3105
10.0659;-84.3105
10.0659;-84.3105
10.0659;-84.3105
10.0659;-84.3105
10.0659;-84.3105
10.0659;-84.3105
10.0207;-84.3561
10.0207;-84.3561
10.0659;-84.3105
10.0659;-84.3105
10.0659;-84.3561
10.0659;-84.3105
10.0659;-84.3105
10.0659;-84.3561
10.0207;-84.3105
10.0207;-84.3105
10.0659;-84.3105
10.1111;-84.2649
10.1111;-84.2649
10.1111;-84.3105
10.1111;-84.2649
10.1111;-84.3105
10.0659;-84.3105
10.1111;-84.3105
10.1111;-84.3105
10.1111;-84.2649
10.1111;-84.2649
10.1111;-84.2649
10.0659;-84.3105
10.1111;-84.2649
10.1111;-84.2649
10.0659;-84.2649
10.0659;-84.3105
10.0659;-84.2649
10.0659;-84.3105
10.0659;-84.2649
10.0659;-84.2649
10.0659;-84.3105
10.1563;-84.2649
10.1111;-84.2649
10.0659;-84.3105
10.1563;-84.2649
10.1111;-84.3105
10.1111;-84.3105
10.1563;-84.2649
10.1111;-84.3105
10.0207;-84.3105
10.0207;-84.3105
10.0659;-84.3105
10.0659;-84.3105
10.0207;-84.3105
10.0207;-84.2649
10.0207;-84.3561
10.0659;-84.3105
10.0207;-84.3105
10.0207;-84.3105
10.0207;-84.1281
9.9755;-84.1281
10.0207;-84.1281
9.9755;-84.1737
9.9755;-84.1281
9.9755;-84.1281
9.9755;-84.1737
9.9755;-84.1281
9.9755;-84.1281
9.9755;-84.1737
9.9755;-84.1281
9.9755;-84.1737
9.9755;-84.1281
10.1563;-84.0824
10.1563;-84.128
10.2015;-84.128
10.2015;-84.128
10.2015;-84.1736
10.1563;-84.128
10.1563;-84.1736
10.1111;-84.3561
10.1111;-84.3561
10.1564;-84.3561
10.1111;-84.3561
10.1111;-84.3561
10.1111;-84.3561
10.1564;-84.3561
10.1564;-84.3561
10.1564;-84.3561
10.1111;-84.3561
10.1111;-84.3561
10.1563;-84.4018
10.1563;-84.4018
10.1111;-84.4018
10.1111;-84.4018
10.1111;-84.4018
10.1111;-84.4018
10.1111;-84.4018
10.1111;-84.3561
10.1111;-84.4474
10.1111;-84.4474
10.1111;-84.4018
10.1111;-84.4474
10.0659;-84.3561
10.0659;-84.3561
10.0659;-84.4018
10.0659;-84.3561
10.0659;-84.3561
10.0659;-84.4018
10.1111;-84.3561
10.1111;-84.3561
10.1111;-84.3561
10.1111;-84.3561
10.1563;-84.4018
10.1563;-84.4018
10.1563;-84.4018
10.1563;-84.4018
10.1111;-84.4018
10.1563;-84.4018
10.1563;-84.4018
10.1111;-84.4474
10.1111;-84.4018
10.1111;-84.4018
10.1111;-84.4018
10.0659;-84.4018
10.0659;-84.4018
10.0659;-84.4018
10.0659;-84.4018
10.0659;-84.4018
10.0659;-84.3561
10.0659;-84.4474
10.0659;-84.4474
10.0207;-84.4017
10.0659;-84.4018
10.0659;-84.4018
10.0659;-84.4018
10.0659;-84.4018
10.0659;-84.4474
10.0659;-84.4474
10.0207;-84.4474
10.0207;-84.4474
10.0207;-84.4474
10.0207;-84.4474
10.0659;-84.4474
10.0659;-84.4474
10.0659;-84.4474
10.0207;-84.4474
10.0207;-84.2649
10.0207;-84.2649
10.0207;-84.2649
10.0207;-84.2649
10.0659;-84.2649
10.1111;-84.2193
10.1111;-84.2193
10.1563;-84.2193
10.0659;-84.2649
10.0659;-84.2649
10.1111;-84.2193
10.1111;-84.2649
10.1111;-84.2193
10.1111;-84.2649
10.1111;-84.2649
10.0659;-84.2649
10.0659;-84.2649
10.1111;-84.2193
10.0659;-84.2649
10.0659;-84.2649
10.0659;-84.2649
10.1111;-84.2649
10.1111;-84.2649
10.1111;-84.2649
10.1111;-84.2649
10.1111;-84.2649
10.1111;-84.2649
10.0659;-84.2649
10.0659;-84.2649
10.1111;-84.2649
10.0206;-84.0369
10.0206;-84.0369
10.0206;-84.0825
10.0206;-84.0369
10.0206;-84.0825
10.0206;-84.0369
10.0206;-84.0369
10.0206;-84.0369
10.0206;-84.0369
10.0206;-84.0369
10.0206;-84.0369
9.9754;-84.0825
10.0206;-84.0825
10.0206;-84.0825
10.0658;-84.0825
10.0207;-84.1281
10.0658;-84.0825
10.0658;-84.0825
10.0207;-84.1281
10.0206;-84.0825
10.111;-84.0824
10.0658;-84.0825
10.0206;-84.0369
10.0206;-84.0825
10.0206;-84.0825
10.0206;-84.0825
10.0206;-84.0825
10.0207;-84.1281
10.0206;-84.0825
10.0206;-84.0825
10.0659;-84.493
10.1111;-84.493
10.0659;-84.493
10.0659;-84.493
10.1563;-84.493
10.1563;-84.493
10.2467;-84.5387
10.2466;-84.63
10.2919;-84.5387
10.1563;-84.493
10.2467;-84.5387
10.2467;-84.5844
10.3371;-84.5388
10.3371;-84.5844
10.2015;-84.5843
10.2919;-84.5844
10.2919;-84.5844
10.1563;-84.493
10.3371;-84.5388
10.1111;-84.4474
10.1111;-84.4474
10.1111;-84.4474
10.1111;-84.4474
10.1563;-84.493
10.1563;-84.5387
10.1111;-84.493
10.1111;-84.493
10.1563;-84.493
10.1563;-84.5387
10.1111;-84.493
10.1563;-84.5387
10.1111;-84.493
10.1111;-84.5386
10.0658;-84.5842
10.0659;-84.5386
10.111;-84.5842
10.111;-84.5842
10.111;-84.6299
10.1111;-84.5386
10.1111;-84.5386
10.1111;-84.5386
10.111;-84.5842
10.1111;-84.5386
10.0658;-84.6298
10.0659;-84.5386
10.1111;-84.5386
10.1111;-84.5386
10.1563;-84.5843
10.1111;-84.4474
10.1111;-84.4474
10.0659;-84.4474
10.0659;-84.4474
10.1111;-84.4474
10.1111;-84.4474
10.1111;-84.4474
10.1111;-84.4474
9.9755;-84.4929
10.0207;-84.493
10.0207;-84.493
10.0207;-84.493
9.9755;-84.4929
10.0659;-84.493
10.0659;-84.4474
10.0207;-84.493
10.0207;-84.493
10.0659;-84.493
10.0659;-84.493
10.0659;-84.4474
10.0659;-84.4474
10.0659;-84.493
10.0206;-84.5842
10.0207;-84.493
10.0207;-84.5386
10.0659;-84.493
10.0659;-84.5386
10.0659;-84.493
10.0207;-84.493
10.0659;-84.493
10.0659;-84.493
10.0659;-84.5386
10.0659;-84.493
10.0207;-84.493
10.0659;-84.493
10.1563;-84.4474
10.1563;-84.4474
10.1111;-84.4474
10.1562;-84.6299
10.1562;-84.6299
10.111;-84.6299
10.1562;-84.6755
10.1562;-84.6755
10.1562;-84.6299
10.111;-84.6299
10.1562;-84.6299
10.1562;-84.6299
10.1562;-84.6755
10.0659;-84.1281
10.0659;-84.1281
10.0659;-84.1281
10.0659;-84.1281
10.0659;-84.1281
10.0659;-84.1737
10.0207;-84.1281
10.0659;-84.1737
10.0659;-84.1281
10.0659;-84.1737
10.0659;-84.1737
10.0207;-84.1737
10.0207;-84.1737
10.0207;-84.1737
10.0207;-84.1737
10.0207;-84.1737
10.0207;-84.1737
10.0659;-84.1281
10.1563;-84.1736
10.0659;-84.1737
10.1111;-84.1737
10.0659;-84.1281
10.0659;-84.1281
10.0206;-84.0369
9.9754;-84.0369
9.9754;-84.0369
9.9754;-84.0825
9.9754;-84.0369
9.9754;-84.0369
9.9754;-84.0825
9.9754;-84.0825
9.9754;-84.0825
9.9755;-84.1281
9.9754;-84.0825
9.9755;-84.1281
9.9754;-84.0825
9.9754;-84.0825
9.9754;-84.0825
9.9754;-84.0369
9.9754;-84.0825
10.1111;-84.3561
10.1111;-84.3561
10.1111;-84.3561
10.1111;-84.3105
10.1111;-84.3105
10.1111;-84.3105
10.1111;-84.3105
10.1564;-84.3105
10.1111;-84.3561
10.1111;-84.3561
10.1111;-84.3561
10.1111;-84.3561
10.1564;-84.3105
10.0659;-84.3561
10.1111;-84.3561
10.1111;-84.3561
10.0659;-84.3561
10.0659;-84.3561
10.1111;-84.3561
10.0659;-84.3561
10.0659;-84.3561
10.1111;-84.3561
10.2016;-84.3105
10.2016;-84.3105
10.2468;-84.2649
10.2468;-84.3105
10.2468;-84.3105
9.7495;-84.2194
9.7495;-84.2194
9.7494;-84.1738
9.7494;-84.1738
9.7495;-84.2194
9.7042;-84.1739
9.7495;-84.2194
9.7946;-84.1738
9.7495;-84.2194
9.7494;-84.1738
9.7495;-84.2194
9.7946;-84.1738
9.7947;-84.265
9.7947;-84.2194
9.7947;-84.265
9.7947;-84.265
9.7947;-84.2194
9.7947;-84.2194
9.7947;-84.2194
9.7946;-84.1738
9.7947;-84.265
9.7946;-84.1738
9.8399;-84.2194
9.7947;-84.2194
9.8399;-84.1738
9.8398;-84.1282
9.8399;-84.2194
9.8399;-84.2194
9.8398;-84.1282
9.7947;-84.2194
9.8399;-84.2194
9.8399;-84.1738
9.8399;-84.1738
9.6591;-84.265
9.7495;-84.265
9.7043;-84.3106
9.6139;-84.3106
9.7495;-84.265
9.6591;-84.265
9.7043;-84.265
9.7495;-84.3105
9.6591;-84.265
9.7495;-84.3105
9.7495;-84.265
9.7495;-84.265
9.7043;-84.265
9.7043;-84.265
9.7495;-84.3105
9.7043;-84.265
9.7495;-84.265
9.7043;-84.2194
9.7946;-84.1738
9.7946;-84.1283
9.7946;-84.1283
9.7946;-84.1738
9.7946;-84.1738
9.7946;-84.1738
9.7946;-84.1738
9.7946;-84.1738
9.7946;-84.1283
9.7946;-84.1738
9.7946;-84.1738
9.8398;-84.0826
9.8398;-84.0826
9.885;-84.0826
9.8398;-84.0826
9.885;-84.0826
9.7494;-84.1283
9.659;-84.1739
9.7494;-84.1283
9.7042;-84.1283
9.659;-84.1739
9.6138;-84.2195
9.7494;-84.1283
9.7494;-84.0827
9.659;-84.1739
9.7042;-84.1283
9.7494;-84.1283
9.7494;-84.1283
9.8398;-84.0826
9.8398;-84.0826
9.8398;-84.0826
9.8398;-84.0826
9.8398;-84.0826
9.7494;-84.1283
9.7946;-84.1283
9.7946;-84.0827
9.7946;-84.1283
9.7946;-84.1283
9.7946;-84.0827
9.8398;-84.1282
9.7946;-84.1283
9.8398;-84.1282
9.7946;-84.0827
9.7494;-84.1283
9.7494;-84.1738
9.7946;-84.1283
9.7494;-84.1283
9.7494;-84.1283
9.7946;-84.1283
9.7946;-84.1738
9.7946;-84.1283
9.7946;-84.1283
9.7946;-84.1283
9.7946;-84.1283
9.7494;-84.1283
9.7946;-84.1283
9.9303;-84.2193
9.8851;-84.2194
9.9303;-84.2193
9.9303;-84.2193
9.8851;-84.265
9.8851;-84.265
9.9303;-84.3105
9.8851;-84.265
9.8851;-84.2194
9.9303;-84.2649
9.8851;-84.2194
9.8399;-84.265
9.8399;-84.265
9.8851;-84.265
9.8399;-84.265
9.9303;-84.4017
9.9303;-84.3561
9.9303;-84.3561
9.8851;-84.3561
9.8851;-84.3561
9.8851;-84.3561
9.8851;-84.3105
9.8851;-84.3105
9.8851;-84.3105
9.9303;-84.3105
9.8851;-84.3105
9.8399;-84.2194
9.8399;-84.265
9.8399;-84.2194
9.8399;-84.2194
9.8399;-84.265
9.8399;-84.2194
9.8851;-84.2194
9.8399;-84.2194
9.8399;-84.2194
9.8851;-84.3561
9.8399;-84.3561
9.8399;-84.3561
9.8399;-84.3561
9.8851;-84.3561
9.8399;-84.3561
9.7947;-84.3561
9.7947;-84.3105
9.7947;-84.3561
9.7947;-84.3561
9.7947;-84.3105
9.7947;-84.3561
9.7495;-84.3561
9.7043;-84.3561
9.7043;-84.4472
9.7043;-84.3106
9.6139;-84.4017
9.6138;-84.4928
9.6591;-84.4017
9.5686;-84.4472
9.6591;-84.3106
9.659;-84.4472
9.6591;-84.4017
9.7043;-84.3561
9.6591;-84.4017
9.659;-84.4472
9.6139;-84.4017
9.6591;-84.3561
9.6138;-84.4472
9.659;-84.4472
9.7043;-84.4017
9.6591;-84.4017
9.6591;-84.3561
9.659;-84.4472
9.6138;-84.4472
9.6139;-84.3561
9.7495;-84.4017
9.6591;-84.3561
9.6591;-84.4017
9.7043;-84.4017
9.5687;-84.4016
9.7043;-84.3561
9.8851;-84.3561
9.8851;-84.3561
9.8851;-84.3561
9.8851;-84.3105
9.8851;-84.4017
9.8851;-84.4017
9.8851;-84.4017
9.8851;-84.4017
9.8851;-84.4017
9.7495;-84.3561
9.7947;-84.4017
9.7495;-84.4473
9.7947;-84.3561
9.7947;-84.3561
9.7495;-84.3561
9.7947;-84.3561
9.7947;-84.4473
9.7494;-84.4928
9.8399;-84.3105
9.8399;-84.4017
9.8399;-84.3561
9.7947;-84.4017
9.7043;-84.4017
9.7043;-84.4472
9.8399;-84.4473
9.8399;-84.3105
9.8399;-84.3561
9.7947;-84.4017
9.7043;-84.4472
9.7947;-84.4017
9.7495;-84.4473
9.7495;-84.4017
9.7947;-84.4017
9.7495;-84.4017
9.7495;-84.4017
9.7495;-84.4017
9.7043;-84.4472
9.8399;-84.4017
9.7495;-84.4017
9.8851;-84.3105
9.8399;-84.3105
9.8851;-84.3105
9.8399;-84.3105
9.8399;-84.265
9.8851;-84.3105
9.8399;-84.3105
9.8851;-84.3105
9.7947;-84.265
9.8399;-84.3105
9.8399;-84.3105
9.8399;-84.265
9.8399;-84.265
9.8399;-84.3105
9.8399;-84.3105
9.7947;-84.265
9.7947;-84.3105
9.7947;-84.3105
9.8399;-84.3105
9.8399;-84.3105
9.8399;-84.3105
9.8399;-84.3105
9.8399;-84.3105
9.8399;-84.3105
9.8399;-84.3105
9.7947;-84.3105
9.8399;-84.3105
9.8399;-84.3105
9.8399;-84.3105
9.8851;-84.3105
9.659;-84.4928
9.7494;-84.584
9.7494;-84.5384
9.7042;-84.4928
9.7946;-84.5384
9.6138;-84.5383
9.7042;-84.5384
9.7494;-84.5384
9.7042;-84.5384
9.659;-84.5383
9.7494;-84.4928
9.7042;-84.5839
9.6138;-84.5383
9.6138;-84.4928
9.659;-84.5383
9.659;-84.4928
9.7042;-84.4928
9.6138;-84.4928
9.659;-84.4928
9.7042;-84.5839
9.659;-84.4928
9.6138;-84.4928
9.7042;-84.4928
9.6138;-84.4928
9.8398;-84.5384
9.885;-84.5385
9.885;-84.5385
9.7946;-84.5384
9.7946;-84.5384
9.7947;-84.4473
9.7947;-84.4473
9.8399;-84.4473
9.7947;-84.4473
9.8399;-84.4473
9.8851;-84.4929
9.8399;-84.4473
9.7947;-84.4473
9.8851;-84.4017
9.9303;-84.4473
9.9303;-84.4017
9.9303;-84.4473
9.8399;-84.4473
9.8399;-84.4473
9.8851;-84.4473
9.8851;-84.4017
9.8851;-84.4473
10.2007;-85.0863
10.2006;-85.1319
10.2004;-85.1775
10.2007;-85.0863
10.2458;-85.132
10.2459;-85.0864
10.2459;-85.0864
10.1556;-85.0405
10.2008;-85.0406
10.246;-85.0408
10.2006;-85.1319
10.2458;-85.132
10.2004;-85.1775
10.2458;-85.132
10.2004;-85.1775
10.2459;-85.0864
10.291;-85.1321
10.2458;-85.132
10.246;-85.0408
10.2912;-85.0409
10.3365;-84.9953
10.2461;-84.9951
10.2913;-84.9952
10.2912;-85.0409
10.2461;-84.9951
10.246;-85.0408
10.201;-84.9494
10.2461;-84.9951
10.2461;-84.9951
10.2914;-84.9496
10.2914;-84.9496
10.1558;-84.9493
10.3364;-85.041
10.2461;-84.9951
10.2913;-84.9952
10.1558;-84.9493
10.2913;-84.9952
10.2461;-84.9951
10.1105;-84.9492
10.246;-85.0408
10.201;-84.9494
10.2914;-84.9496
10.2914;-84.9496
10.2914;-84.9496
10.2008;-85.0406
10.2914;-84.9496
10.2913;-84.9952
10.1557;-84.9949
10.2913;-84.9952
10.2463;-84.9038
10.201;-84.9494
10.2462;-84.9495
10.201;-84.9038
10.201;-84.9038
10.2462;-84.9495
10.201;-84.9038
10.201;-84.9494
10.2462;-84.9495
10.201;-84.9038
10.201;-84.9494
10.2462;-84.9495
10.2915;-84.9039
10.2914;-84.9496
10.2915;-84.9039
10.3368;-84.8583
10.2915;-84.9039
10.3819;-84.9041
10.3367;-84.904
10.3368;-84.8583
10.2915;-84.8583
10.3367;-84.904
10.3819;-84.9041
10.2915;-84.9039
10.3368;-84.8583
10.3367;-84.904
10.2915;-84.8583
10.3368;-84.8583
10.2914;-84.9496
10.3368;-84.8583
10.2914;-84.9496
10.2914;-84.9496
10.4716;-85.224
10.5168;-85.2241
10.5166;-85.2698
10.5168;-85.2241
10.3806;-85.4063
10.5618;-85.2699
10.5164;-85.3611
10.4262;-85.2695
10.5166;-85.2698
10.5169;-85.1784
10.4716;-85.224
10.5616;-85.3613
10.6069;-85.3157
10.6072;-85.2243
10.5618;-85.2699
10.6073;-85.1786
10.6525;-85.1788
10.6977;-85.1789
10.6525;-85.1788
10.6978;-85.1332
10.6977;-85.1789
10.6525;-85.1788
10.6976;-85.2246
10.6074;-85.133
10.6976;-85.2246
10.6525;-85.1788
10.5622;-85.1328
10.6073;-85.1786
10.6977;-85.1789
10.6975;-85.2703
10.6976;-85.2246
10.7427;-85.2704
10.6524;-85.2245
10.6976;-85.2246
10.6975;-85.2703
10.7429;-85.179
10.7428;-85.2247
10.7428;-85.2247
10.6523;-85.2702
10.7425;-85.3162
10.6524;-85.2245
10.6524;-85.2245
10.6527;-85.0874
10.698;-85.0875
10.3813;-85.178
10.3813;-85.178
10.3361;-85.1779
10.4267;-85.0868
10.4267;-85.0868
10.4267;-85.0868
10.4719;-85.0869
10.4718;-85.1326
10.4268;-85.0412
10.4718;-85.1326
10.4718;-85.1326
10.4267;-85.0868
10.3814;-85.1324
10.4267;-85.0868
10.3815;-85.0867
10.3816;-85.0411
10.517;-85.1327
10.3814;-85.1324
10.4719;-85.0869
10.3815;-85.0867
10.472;-85.0413
10.4267;-85.0868
10.4267;-85.0868
10.4719;-85.0869
10.4268;-85.0412
10.6076;-85.0416
10.6075;-85.0873
10.5623;-85.0872
10.5169;-85.1784
10.6527;-85.0874
10.6076;-85.0416
10.5623;-85.0872
10.517;-85.1327
10.6075;-85.0873
10.517;-85.1327
10.4718;-85.1326
10.2456;-85.1777
10.2456;-85.1777
10.2455;-85.2233
10.2455;-85.2233
10.3361;-85.1779
10.2907;-85.2234
10.2456;-85.1777
10.2456;-85.1777
10.2455;-85.2233
10.2003;-85.2232
10.2456;-85.1777
10.2912;-85.0409
10.2911;-85.0865
10.3815;-85.0867
10.3364;-85.041
10.3364;-85.041
10.3363;-85.0866
10.3816;-85.0411
10.3363;-85.0866
10.3797;-85.6346
10.4251;-85.5892
10.4251;-85.5892
10.4251;-85.5892
10.3797;-85.6346
10.3797;-85.6346
10.4251;-85.5892
10.3345;-85.6344
10.3799;-85.589
10.3799;-85.589
10.4253;-85.5435
10.4251;-85.5892
10.4249;-85.6348
10.4251;-85.5892
10.3799;-85.589
10.4249;-85.6348
10.4249;-85.6348
10.3347;-85.5888
10.3797;-85.6346
10.4251;-85.5892
10.3804;-85.452
10.3803;-85.4977
10.4253;-85.5435
10.4255;-85.4978
10.4705;-85.5437
10.4255;-85.4978
10.4258;-85.4065
10.5155;-85.5895
10.5607;-85.5897
10.5607;-85.5897
10.5155;-85.5895
10.5155;-85.5895
10.5155;-85.5895
10.5152;-85.6809
10.5604;-85.6811
10.5148;-85.7722
10.5155;-85.5895
10.6058;-85.6356
10.5152;-85.6809
10.4702;-85.635
10.5148;-85.7722
10.5606;-85.6354
10.5152;-85.6809
10.515;-85.7266
10.5154;-85.6352
10.5602;-85.7268
10.5606;-85.6354
10.515;-85.7266
10.515;-85.7266
10.47;-85.6807
10.5146;-85.8179
10.5604;-85.6811
10.47;-85.6807
10.4702;-85.635
10.5606;-85.6354
10.5154;-85.6352
10.5148;-85.7722
10.1093;-85.4054
10.0641;-85.4052
10.0641;-85.4052
10.0189;-85.4051
10.0641;-85.4052
10.0641;-85.4052
10.0189;-85.4051
10.1093;-85.4054
10.0189;-85.4051
10.064;-85.4509
10.0188;-85.4507
10.0188;-85.4507
10.0188;-85.4507
10.064;-85.4509
10.0191;-85.3595
10.0191;-85.3595
10.0189;-85.4051
10.0192;-85.3139
10.0192;-85.3139
9.9737;-85.4049
9.9737;-85.4049
9.9737;-85.4049
9.9285;-85.4048
9.9737;-85.4049
9.9285;-85.4048
9.9739;-85.3593
10.0191;-85.3595
9.9739;-85.3593
9.9287;-85.3592
9.9737;-85.4049
9.9737;-85.4049
9.9283;-85.4504
9.9283;-85.4504
9.883;-85.4958
9.8831;-85.4502
9.9736;-85.4505
9.9736;-85.4505
9.883;-85.4958
9.9736;-85.4505
9.9285;-85.4048
11.0578;-85.6375
10.9674;-85.6371
11.103;-85.6377
11.058;-85.5917
11.1482;-85.6378
10.9674;-85.6371
11.1934;-85.638
11.1482;-85.6378
11.1482;-85.6378
11.0576;-85.6832
11.1032;-85.5919
11.0124;-85.683
11.0122;-85.7288
11.0578;-85.6375
11.1938;-85.5465
11.1486;-85.5463
11.103;-85.6377
11.1482;-85.6378
11.103;-85.6377
11.1936;-85.5923
11.1938;-85.5465
11.0576;-85.6832
11.103;-85.6377
11.0124;-85.683
11.1936;-85.5923
11.1486;-85.5463
11.1486;-85.5463
11.1938;-85.5465
11.0124;-85.683
11.0126;-85.6373
11.1934;-85.638
11.0585;-85.4544
11.1486;-85.5463
11.1032;-85.5919
11.1032;-85.5919
11.1488;-85.5005
11.1034;-85.5461
11.1486;-85.5463
11.058;-85.5917
11.1034;-85.5461
11.0132;-85.5
11.1486;-85.5463
11.1032;-85.5919
11.0587;-85.4087
11.104;-85.3631
11.0587;-85.4087
11.0591;-85.2714
11.0587;-85.4087
11.0588;-85.3629
11.059;-85.3172
11.0587;-85.4087
11.104;-85.3631
11.0587;-85.4087
11.1042;-85.3173
10.922;-85.6826
10.9218;-85.7284
10.9678;-85.5456
10.8772;-85.591
10.9224;-85.5912
10.967;-85.7286
10.9218;-85.7284
10.9222;-85.6369
10.7421;-85.4533
10.7422;-85.4076
10.7421;-85.4533
10.7419;-85.499
10.7421;-85.4533
10.7419;-85.499
10.6965;-85.5445
10.6967;-85.4988
10.7873;-85.4535
10.7419;-85.499
10.7419;-85.499
10.8325;-85.4536
10.8325;-85.4536
10.7419;-85.499
10.7421;-85.4533
10.7873;-85.4535
10.7421;-85.4533
10.6517;-85.453
10.6515;-85.4987
10.7422;-85.4076
10.6066;-85.4071
10.6066;-85.4071
10.6065;-85.4528
10.6066;-85.4071
10.6066;-85.4071
10.6517;-85.453
10.4253;-85.5435
10.6517;-85.453
10.471;-85.4066
10.6517;-85.453
10.6065;-85.4528
10.7424;-85.3619
10.6513;-85.5444
10.5614;-85.407
10.471;-85.4066
10.5609;-85.544
10.5157;-85.5438
10.6517;-85.453
10.4253;-85.5435
10.6066;-85.4071
10.5607;-85.5897
10.6517;-85.453
10.6065;-85.4528
10.4707;-85.498
10.6066;-85.4071
10.6066;-85.4071
10.6518;-85.4073
10.6517;-85.453
10.6517;-85.453
10.5614;-85.407
10.4705;-85.5437
10.6063;-85.4985
10.6065;-85.4528
10.5614;-85.407
10.8323;-85.4993
10.8325;-85.4536
10.8323;-85.4993
10.8322;-85.5451
10.8323;-85.4993
10.7868;-85.5906
10.5607;-85.5897
10.6512;-85.5901
10.7414;-85.6361
10.8322;-85.5451
10.606;-85.5899
10.6512;-85.5901
10.6508;-85.6815
10.8322;-85.5451
10.651;-85.6358
10.6512;-85.5901
10.6962;-85.636
9.8384;-85.3133
9.7481;-85.2675
9.7934;-85.222
9.7934;-85.222
9.8836;-85.3135
9.8834;-85.359
9.8387;-85.2222
9.8387;-85.2222
9.8381;-85.4045
9.8384;-85.3133
9.8839;-85.2223
9.8836;-85.3135
9.9288;-85.3136
9.7933;-85.2676
9.8385;-85.2677
9.8387;-85.2222
9.8839;-85.2223
9.7482;-85.2219
9.7481;-85.2675
9.7933;-85.2676
9.7932;-85.3132
9.8384;-85.3133
9.7933;-85.2676
9.8384;-85.3133
9.7482;-85.2219
9.8382;-85.3589
9.7934;-85.222
9.8834;-85.359
9.8384;-85.3133
9.7936;-85.1765
9.8388;-85.1766
9.9741;-85.2681
9.9741;-85.2681
9.9741;-85.2681
9.9741;-85.2681
10.0194;-85.2683
9.9741;-85.2681
9.9741;-85.2681
9.8837;-85.2679
9.9741;-85.2681
9.9288;-85.3136
9.9288;-85.3136
9.8837;-85.2679
9.9289;-85.268
9.9288;-85.3136
9.8837;-85.2679
9.9289;-85.268
9.9744;-85.1769
10.0196;-85.1771
10.0196;-85.1771
9.9744;-85.1769
10.0196;-85.1771
10.0196;-85.1771
10.0195;-85.2227
10.0195;-85.2227
10.0195;-85.2227
10.0195;-85.2227
10.0194;-85.2683
10.0646;-85.2684
10.0646;-85.2684
10.0644;-85.314
10.0194;-85.2683
10.0646;-85.2684
10.0194;-85.2683
10.0192;-85.3139
10.0644;-85.314
10.0647;-85.2228
9.8833;-85.4046
9.974;-85.3137
9.9739;-85.3593
9.8831;-85.4502
9.974;-85.3137
9.8831;-85.4502
9.974;-85.3137
9.9739;-85.3593
10.0192;-85.3139
10.0191;-85.3595
9.9288;-85.3136
9.8833;-85.4046
9.9287;-85.3592
9.9287;-85.3592
10.0192;-85.3139
10.0184;-85.5419
10.0184;-85.5419
10.0186;-85.4963
10.0638;-85.4965
9.9734;-85.4961
10.0184;-85.5419
10.0186;-85.4963
9.9734;-85.4961
10.0184;-85.5419
9.9734;-85.4961
10.0186;-85.4963
9.9734;-85.4961
9.9734;-85.4961
9.9732;-85.5417
9.9732;-85.5417
10.0186;-85.4963
9.9734;-85.4961
10.0186;-85.4963
9.973;-85.5873
10.0646;-85.2684
10.1096;-85.3142
10.1095;-85.3598
10.0643;-85.3596
10.0643;-85.3596
10.0643;-85.3596
10.1095;-85.3598
10.0646;-85.2684
10.1095;-85.3598
10.1093;-85.4054
10.0643;-85.3596
10.1093;-85.4054
10.0646;-85.2684
10.1547;-85.3599
10.1093;-85.4054
10.1548;-85.3143
10.1093;-85.4054
10.1095;-85.3598
10.1093;-85.4054
10.1098;-85.2685
10.1093;-85.4054
10.1096;-85.3142
10.1098;-85.2685
10.1544;-85.4512
10.1087;-85.5879
10.0638;-85.4965
10.1544;-85.4512
10.1092;-85.451
10.1087;-85.5879
10.1541;-85.5424
10.1994;-85.497
10.1541;-85.5424
10.1092;-85.451
10.0638;-85.4965
10.1539;-85.5881
10.1092;-85.451
10.0638;-85.4965
10.1545;-85.4056
10.0635;-85.5877
10.1994;-85.497
10.1092;-85.451
10.1541;-85.5424
10.1541;-85.5424
10.0636;-85.5421
10.1542;-85.4968
10.0183;-85.5875
10.1994;-85.497
10.1544;-85.4512
10.1993;-85.5426
10.1545;-85.4056
10.0184;-85.5419
10.1542;-85.4968
10.1088;-85.5423
10.0183;-85.5875
10.1088;-85.5423
10.1994;-85.497
10.109;-85.4966
10.1542;-85.4968
10.1994;-85.497
10.1544;-85.4512
10.1545;-85.4056
10.1542;-85.4968
10.1088;-85.5423
10.1093;-85.4054
10.1547;-85.3599
10.0636;-85.5421
10.109;-85.4966
9.973;-85.5873
10.0181;-85.6331
9.9727;-85.6785
9.9277;-85.6327
10.0181;-85.6331
9.9278;-85.5872
9.9277;-85.6327
9.9277;-85.6327
9.9729;-85.6329
10.0183;-85.5875
9.9277;-85.6327
9.9275;-85.6783
9.9277;-85.6327
9.9729;-85.6329
9.9727;-85.6785
9.9727;-85.6785
9.973;-85.5873
9.9275;-85.6783
10.0635;-85.5877
9.9727;-85.6785
10.0183;-85.5875
10.1548;-85.3143
10.2451;-85.3602
10.155;-85.2687
10.2002;-85.2688
10.2;-85.3144
10.155;-85.2687
10.155;-85.2687
10.2002;-85.2688
10.2;-85.3144
10.2453;-85.3146
10.1548;-85.3143
10.155;-85.2687
10.2002;-85.2688
10.1548;-85.3143
9.8824;-85.6326
9.8826;-85.587
9.928;-85.5416
9.9282;-85.496
9.883;-85.4958
9.8828;-85.5414
9.883;-85.4958
9.9282;-85.496
9.8828;-85.5414
9.9282;-85.496
9.883;-85.4958
9.928;-85.5416
9.9278;-85.5872
9.8828;-85.5414
9.9278;-85.5872
9.9278;-85.5872
9.8828;-85.5414
9.9282;-85.496
9.883;-85.4958
9.9282;-85.496
9.9282;-85.496
10.2448;-85.4515
10.2448;-85.4515
10.245;-85.4059
10.2451;-85.3602
10.2448;-85.4515
10.2903;-85.3604
10.2453;-85.3146
10.1999;-85.3601
10.1547;-85.3599
10.3354;-85.4062
10.3355;-85.3605
10.1999;-85.3601
10.1998;-85.4057
10.1998;-85.4057
10.2448;-85.4515
10.245;-85.4059
10.1544;-85.4512
10.2903;-85.3604
10.1545;-85.4056
10.2903;-85.3604
10.1998;-85.4057
10.245;-85.4059
10.245;-85.4059
10.2448;-85.4515
10.245;-85.4059
10.2902;-85.406
10.2446;-85.4971
10.2903;-85.3604
10.2448;-85.4515
10.3355;-85.3605
10.3354;-85.4062
10.1996;-85.4513
10.29;-85.4517
10.2446;-85.4971
10.2446;-85.4971
10.3351;-85.4975
10.2448;-85.4515
10.1103;-85.0861
10.1101;-85.1317
10.11;-85.1773
10.11;-85.1773
10.0649;-85.1316
10.0649;-85.1316
10.11;-85.1773
10.0648;-85.1772
10.0649;-85.1316
10.11;-85.1773
9.8389;-85.131
9.9289;-85.268
9.9293;-85.1312
9.8389;-85.131
9.7485;-85.1308
9.7937;-85.1309
9.9296;-84.9944
9.9294;-85.0856
9.9293;-85.1312
9.8389;-85.131
9.9293;-85.1312
9.8843;-85.0399
9.884;-85.1767
9.8842;-85.0855
9.9745;-85.1313
9.8841;-85.1311
9.9292;-85.1768
9.9294;-85.0856
9.9293;-85.1312
9.8841;-85.1311
9.9294;-85.0856
9.9744;-85.1769
9.9291;-85.2224
9.839;-85.0854
9.8843;-85.0399
9.9746;-85.0857
9.9745;-85.1313
9.8839;-85.2223
9.9295;-85.04
9.884;-85.1767
9.9295;-85.04
9.9289;-85.268
9.9293;-85.1312
9.9294;-85.0856
9.7937;-85.1309
9.8843;-85.0399
9.839;-85.0854
9.9743;-85.2225
9.8842;-85.0855
9.8388;-85.1766
9.884;-85.1767
9.9291;-85.2224
9.8841;-85.1311
9.9745;-85.1313
9.884;-85.1767
9.839;-85.0854
9.8842;-85.0855
9.9294;-85.0856
9.9292;-85.1768
9.9292;-85.1768
9.8841;-85.1311
9.9744;-85.1769
9.7035;-85.0395
9.7939;-85.0397
9.703;-85.2218
9.7487;-85.0396
9.9297;-84.9488
9.7482;-85.2219
9.7033;-85.1306
9.703;-85.2218
9.7032;-85.1762
9.7939;-85.0397
9.613;-85.0849
9.8844;-84.9943
9.7032;-85.1762
9.7484;-85.1763
9.7936;-85.1765
9.7484;-85.1763
9.6129;-85.1304
9.613;-85.0849
9.7485;-85.1308
9.8844;-84.9943
9.613;-85.0849
9.7034;-85.0851
9.6583;-85.0394
9.6583;-85.0394
9.794;-84.9942
9.7942;-84.903
9.6582;-85.085
9.8845;-84.9488
9.8393;-84.9487
9.8844;-84.9943
9.8844;-84.9943
9.7035;-85.0395
9.8845;-84.9488
9.7939;-85.0397
9.7488;-84.9941
9.8844;-84.9943
9.8395;-84.8575
9.8394;-84.9031
9.6129;-85.1304
9.7938;-85.0853
9.9297;-84.9488
9.6129;-85.1304
9.8846;-84.9032
9.6582;-85.085
9.6129;-85.1304
9.9297;-84.9488
9.7486;-85.0852
9.7035;-85.0395
9.8393;-84.9487
9.7486;-85.0852
9.613;-85.0849
9.7485;-85.1308
9.9298;-84.9033
9.8394;-84.9031
9.703;-85.2218
9.7488;-84.9941
9.8394;-84.9031
9.8391;-85.0398
9.6129;-85.1304
9.7936;-85.1765
9.8845;-84.9488
9.8393;-84.9487
9.6581;-85.1305
9.7486;-85.0852
9.7485;-85.1308
9.7938;-85.0853
9.6581;-85.1305
9.7032;-85.1762
9.7938;-85.0853
9.7034;-85.0851
9.794;-84.9942
9.7485;-85.1308
9.7488;-84.9941
9.7941;-84.9486
9.7033;-85.1306
9.7034;-85.0851
9.7488;-84.9941
9.8391;-85.0398
9.658;-85.1761
9.658;-85.1761
9.8843;-85.0399
9.7035;-85.0395
9.7486;-85.0852
9.7941;-84.9486
9.7484;-85.1763
9.794;-84.9942
9.9298;-84.9033
10.3804;-85.452
10.3352;-85.4518
10.3804;-85.452
10.3352;-85.4518
10.4241;-85.8175
10.3789;-85.8173
10.3791;-85.7716
10.3337;-85.8171
10.3791;-85.7716
10.3337;-85.8171
10.3789;-85.8173
10.4244;-85.7718
10.3789;-85.8173
10.3789;-85.8173
10.3335;-85.8627
10.3337;-85.8171
10.3337;-85.8171
10.3789;-85.8173
10.3795;-85.6803
10.3795;-85.6803
10.3795;-85.6803
10.3795;-85.6803
10.3793;-85.7259
10.3795;-85.6803
10.3797;-85.6346
10.1083;-85.6791
10.1081;-85.7247
10.1081;-85.7247
10.0629;-85.7245
10.0633;-85.6333
10.0633;-85.6333
10.1079;-85.7704
10.1081;-85.7247
10.0179;-85.6787
10.1079;-85.7704
10.0627;-85.7702
10.0177;-85.7243
10.0629;-85.7245
10.1083;-85.6791
10.0631;-85.6789
10.0177;-85.7243
10.0179;-85.6787
10.0179;-85.6787
10.0177;-85.7243
10.0633;-85.6333
10.0631;-85.6789
10.0177;-85.7243
10.0629;-85.7245
10.0631;-85.6789
10.1081;-85.7247
10.0629;-85.7245
10.0631;-85.6789
10.0627;-85.7702
10.2897;-85.543
10.2445;-85.5428
10.2897;-85.543
10.2446;-85.4971
10.2897;-85.543
10.2897;-85.543
10.2898;-85.4973
10.2898;-85.4973
10.2897;-85.543
10.2897;-85.543
10.2898;-85.4973
10.3351;-85.4975
10.1087;-85.5879
10.2443;-85.5884
10.3349;-85.5431
10.2895;-85.5886
10.2891;-85.6799
10.3349;-85.5431
10.2893;-85.6343
10.2445;-85.5428
10.2893;-85.6343
10.2443;-85.5884
10.2441;-85.6341
10.1993;-85.5426
10.3349;-85.5431
10.2443;-85.5884
10.3347;-85.5888
10.2443;-85.5884
10.2443;-85.5884
10.2441;-85.6341
10.1991;-85.5882
10.2895;-85.5886
10.2441;-85.6341
10.2893;-85.6343
10.1537;-85.6337
10.2441;-85.6341
10.3349;-85.5431
10.1993;-85.5426
10.2891;-85.6799
10.2443;-85.5884
10.1085;-85.6335
10.2435;-85.771
10.3337;-85.8171
10.2885;-85.8168
10.3339;-85.7714
10.2887;-85.7712
10.2887;-85.7712
10.2433;-85.8166
10.2885;-85.8168
10.2887;-85.7712
10.3791;-85.7716
10.3337;-85.8171
10.2433;-85.8166
10.3339;-85.7714
10.2885;-85.8168
10.2885;-85.8168
10.3793;-85.7259
10.3793;-85.7259
10.2889;-85.7255
10.3793;-85.7259
10.3791;-85.7716
10.3795;-85.6803
10.3341;-85.7257
10.4246;-85.7262
10.3341;-85.7257
10.4696;-85.772
10.4246;-85.7262
10.1985;-85.7251
10.1531;-85.7706
10.1537;-85.6337
10.2889;-85.7255
10.1533;-85.7249
10.2435;-85.771
10.1985;-85.7251
10.1987;-85.6795
10.1537;-85.6337
10.2437;-85.7253
10.2887;-85.7712
10.1531;-85.7706
10.1985;-85.7251
10.2889;-85.7255
10.2437;-85.7253
10.2889;-85.7255
10.1987;-85.6795
10.2437;-85.7253
10.1529;-85.8162
10.1533;-85.7249
10.2439;-85.6797
10.1531;-85.7706
10.1987;-85.6795
10.1981;-85.8164
10.1981;-85.8164
10.2439;-85.6797
10.1981;-85.8164
10.1981;-85.8164
10.2889;-85.7255
10.1983;-85.7708
10.1535;-85.6793
10.2889;-85.7255
10.2889;-85.7255
10.2437;-85.7253
10.2889;-85.7255
10.2437;-85.7253
10.1531;-85.7706
10.1531;-85.7706
10.5627;-84.9044
10.5627;-84.9044
10.5176;-84.8586
10.4724;-84.8129
10.4724;-84.8129
10.472;-85.0413
10.4269;-84.9955
10.4269;-84.9955
10.3817;-84.9954
10.3818;-84.9497
10.3817;-84.9954
10.4271;-84.9042
10.3368;-84.8583
10.3819;-84.9041
10.382;-84.8584
10.3819;-84.9041
10.3368;-84.8583
10.382;-84.8584
10.427;-84.9498
10.427;-84.9498
10.3368;-84.8583
10.427;-84.9498
10.5173;-84.9957
10.5173;-84.9957
10.4721;-84.9956
10.5625;-84.9958
10.472;-85.0413
10.5173;-84.9957
10.5173;-84.9957
10.4721;-84.9956
10.5626;-84.9501
10.5624;-85.0415
10.5624;-85.0415
10.5626;-84.9501
10.5172;-85.0414
10.6076;-85.0416
10.5626;-84.9501
10.5625;-84.9958
10.5624;-85.0415
10.4722;-84.9499
10.4722;-84.9499
10.4271;-84.9042
10.4722;-84.9499
10.4722;-84.9499
10.5625;-84.9958
10.4722;-84.9499
10.4272;-84.8585
10.5174;-84.95
10.5174;-84.95
10.4722;-84.9499
10.4722;-84.9499
10.4724;-84.8586
10.382;-84.8584
10.4724;-84.8586
10.4723;-84.9042
10.5175;-84.9043
10.3363;-83.5801
10.2912;-83.6258
10.3364;-83.6257
10.3365;-83.6714
10.3364;-83.6257
10.2913;-83.6715
10.2912;-83.6258
10.3365;-83.6714
10.2912;-83.6258
10.3363;-83.5801
10.3363;-83.5801
10.2009;-83.6717
10.2913;-83.6715
10.201;-83.7173
10.2461;-83.6716
10.201;-83.7173
10.2462;-83.7172
10.201;-83.7173
10.2009;-83.6717
10.201;-83.7173
10.2009;-83.6717
10.2461;-83.6716
10.2009;-83.6717
10.2462;-83.7172
10.2008;-83.626
10.2461;-83.6716
10.201;-83.7173
10.1556;-83.6261
10.2008;-83.626
10.2008;-83.626
10.2007;-83.5804
10.1556;-83.6261
10.1556;-83.6261
10.1556;-83.6261
10.1556;-83.6261
10.291;-83.5345
10.2456;-83.489
10.246;-83.6259
10.2458;-83.5346
10.2456;-83.489
10.2459;-83.5803
10.2459;-83.5803
10.2911;-83.5802
10.246;-83.6259
10.246;-83.6259
10.246;-83.6259
10.2911;-83.5802
10.246;-83.6259
9.973;-83.0793
10.0183;-83.0791
9.9729;-83.0337
10.0184;-83.1248
9.9729;-83.0337
10.0638;-83.1702
10.0183;-83.0791
9.9278;-83.0795
10.0181;-83.0335
9.9729;-83.0337
10.0184;-83.1248
10.0183;-83.0791
10.0181;-83.0335
10.0183;-83.0791
9.9729;-83.0337
9.9729;-83.0337
9.973;-83.0793
9.8828;-83.1253
9.883;-83.1709
9.8824;-83.0341
9.9277;-83.0339
9.9277;-83.0339
9.9278;-83.0795
9.9277;-83.0339
9.9278;-83.0795
9.8824;-83.0341
9.9277;-83.0339
9.9277;-83.0339
9.8372;-83.0343
9.8824;-83.0341
9.8826;-83.0797
9.9277;-83.0339
9.9277;-83.0339
9.9278;-83.0795
9.9278;-83.0795
9.9277;-83.0339
10.0186;-83.1704
9.9732;-83.1249
9.9732;-83.1249
9.9732;-83.1249
9.9734;-83.1705
10.0188;-83.216
10.0186;-83.1704
9.9734;-83.1705
9.9732;-83.1249
9.9732;-83.1249
9.7014;-82.9893
9.7466;-82.9891
9.7466;-82.9891
9.8823;-82.9885
9.7914;-82.8978
9.7012;-82.9437
9.7914;-82.8978
9.7917;-82.9433
9.8371;-82.9887
9.747;-83.0802
9.7468;-83.0347
9.7016;-83.0349
9.7466;-82.9891
9.7016;-83.0349
9.702;-83.126
9.6562;-82.9895
9.8823;-82.9885
9.7014;-82.9893
9.7014;-82.9893
9.7014;-82.9893
9.7014;-82.9893
9.7014;-82.9893
9.7014;-82.9893
9.7014;-82.9893
9.7014;-82.9893
9.7466;-82.9891
9.7014;-82.9893
9.7014;-82.9893
9.7466;-82.9891
9.7466;-82.9891
9.7466;-82.9891
9.7014;-82.9893
9.7466;-82.9891
9.7464;-82.9435
9.7914;-82.8978
9.7466;-82.9891
9.8369;-82.9431
9.7464;-82.9435
9.7464;-82.9435
9.7464;-82.9435
9.7914;-82.8978
9.7464;-82.9435
9.7464;-82.9435
9.7466;-82.9891
9.7917;-82.9433
9.8371;-82.9887
9.8369;-82.9431
9.7466;-82.9891
9.7468;-83.0347
9.7014;-82.9893
9.7917;-82.9433
9.7462;-82.898
9.6562;-82.9895
9.7016;-83.0349
10.0644;-83.3526
10.0644;-83.3526
10.1547;-83.3067
10.1547;-83.3067
10.0644;-83.3526
10.0646;-83.3983
10.1547;-83.3067
10.1095;-83.3069
10.1098;-83.3981
10.1095;-83.3069
10.0643;-83.307
10.0644;-83.3526
10.1096;-83.3525
10.1098;-83.3981
10.1095;-83.3069
10.1096;-83.3525
10.1548;-83.3524
10.1095;-83.3069
10.0646;-83.3983
10.0646;-83.3983
10.0191;-83.3072
10.1092;-83.2156
10.1092;-83.2156
10.0638;-83.1702
10.109;-83.17
10.0189;-83.2616
10.0191;-83.3072
10.1093;-83.2613
9.9739;-83.3073
10.0192;-83.3528
10.0191;-83.3072
9.9739;-83.3073
10.0191;-83.3072
10.0641;-83.2614
10.064;-83.2158
10.0641;-83.2614
10.064;-83.2158
10.1093;-83.2613
10.1093;-83.2613
10.0189;-83.2616
10.0188;-83.216
10.0643;-83.307
10.0641;-83.2614
10.0641;-83.2614
10.0188;-83.216
10.0643;-83.307
10.0643;-83.307
10.064;-83.2158
10.0643;-83.307
10.1093;-83.2613
10.0188;-83.216
10.064;-83.2158
9.9737;-83.2617
9.974;-83.3529
10.1092;-83.2156
10.0188;-83.216
10.064;-83.2158
10.064;-83.2158
10.0641;-83.2614
10.0192;-83.3528
10.0189;-83.2616
10.0189;-83.2616
10.0188;-83.216
10.0189;-83.2616
10.0189;-83.2616
9.9737;-83.2617
10.0189;-83.2616
10.3366;-83.717
10.3367;-83.7627
10.3817;-83.6713
10.3818;-83.7169
10.3817;-83.6713
10.3817;-83.6713
10.3818;-83.7169
10.472;-83.6254
10.4269;-83.6712
10.3818;-83.7169
10.427;-83.7168
10.472;-83.6254
10.3818;-83.7169
10.4721;-83.6711
10.3819;-83.7626
10.3819;-83.7626
10.472;-83.6254
10.427;-83.7168
10.427;-83.7168
10.3367;-83.7627
10.3819;-83.7626
10.3366;-83.717
10.3818;-83.7169
10.3366;-83.717
10.5172;-83.6253
10.9242;-83.6701
10.7884;-83.579
10.6982;-83.6706
10.4719;-83.5797
10.653;-83.7164
10.6982;-83.6706
10.3362;-83.5344
10.5621;-83.4881
10.4719;-83.5797
10.2012;-83.8542
10.2011;-83.8085
10.2463;-83.8085
10.2011;-83.8085
10.2013;-83.8998
10.201;-83.7629
10.2013;-83.8998
10.201;-83.7629
10.2463;-83.8085
10.2012;-83.8542
10.2011;-83.8085
10.2012;-83.8542
10.201;-83.7629
10.2464;-83.8541
10.2463;-83.7628
10.2012;-83.8542
10.2463;-83.8085
10.2011;-83.8085
10.2462;-83.7172
10.201;-83.7629
10.201;-83.7629
10.201;-83.7629
10.201;-83.7629
10.201;-83.7629
10.2462;-83.7172
10.201;-83.7629
10.201;-83.7629
10.2462;-83.7172
10.2462;-83.7172
10.201;-83.7629
10.1107;-83.8087
10.201;-83.7629
10.3368;-83.8083
10.5176;-83.808
10.5173;-83.671
10.382;-83.8082
10.2915;-83.7628
10.5174;-83.7167
10.3819;-83.7626
10.4271;-83.7625
10.2915;-83.7628
10.3367;-83.7627
10.4272;-83.8082
10.4722;-83.7167
10.4271;-83.7625
10.4271;-83.7625
10.382;-83.8082
10.4723;-83.7624
10.2915;-83.7628
10.4271;-83.7625
10.4722;-83.7167
10.2915;-83.7628
10.4272;-83.8082
10.2915;-83.7628
10.4271;-83.7625
10.4723;-83.7624
10.3368;-83.854
10.382;-83.8539
10.4722;-83.7167
10.4271;-83.7625
10.382;-83.8082
10.3368;-83.8083
10.3367;-83.7627
10.4272;-83.8082
10.382;-83.8082
10.3368;-83.8083
10.2915;-83.8084
10.382;-83.8082
10.4722;-83.7167
10.382;-83.8082
10.3366;-83.717
10.4268;-83.6255
10.2914;-83.7171
10.3365;-83.6714
10.2463;-83.7628
10.2915;-83.7628
10.3816;-83.6256
10.2914;-83.7171
10.2914;-83.7171
10.2915;-83.7628
10.3363;-83.5801
10.4269;-83.6712
10.3817;-83.6713
10.3816;-83.6256
10.4267;-83.5798
10.3365;-83.6714
10.2915;-83.7628
10.2915;-83.7628
10.3366;-83.717
10.4268;-83.6255
10.4268;-83.6255
10.2463;-83.7628
10.3817;-83.6713
10.1103;-83.5806
10.1103;-83.5806
10.1555;-83.5805
10.1555;-83.5805
10.1553;-83.5349
10.1103;-83.5806
10.065;-83.5807
10.1104;-83.6262
10.1555;-83.5805
10.2004;-83.4891
10.2006;-83.5348
10.2909;-83.4889
10.1101;-83.535
10.2456;-83.489
10.2006;-83.5348
10.1101;-83.535
10.2455;-83.4434
10.2455;-83.4434
10.2004;-83.4891
10.1101;-83.535
10.1101;-83.535
10.1553;-83.5349
10.1552;-83.4892
10.1552;-83.4892
10.2004;-83.4891
10.2456;-83.489
10.1553;-83.5349
10.2456;-83.489
10.2006;-83.5348
10.0199;-83.6264
10.0651;-83.6263
10.0199;-83.6264
10.0199;-83.6264
10.0198;-83.5808
10.0652;-83.6719
10.1103;-83.5806
10.0649;-83.5351
10.0199;-83.6264
10.065;-83.5807
10.0199;-83.6264
10.0652;-83.6719
10.0199;-83.6264
9.9746;-83.5809
10.1555;-83.5805
10.1553;-83.5349
10.1555;-83.5805
10.1555;-83.5805
10.2007;-83.5804
10.1553;-83.5349
10.0648;-83.4895
10.155;-83.398
10.1099;-83.4437
10.1099;-83.4437
10.1551;-83.4436
10.155;-83.398
10.1099;-83.4437
10.1551;-83.4436
10.1999;-83.3066
10.11;-83.4894
10.1098;-83.3981
10.155;-83.398
10.1099;-83.4437
10.11;-83.4894
10.2002;-83.3979
10.2;-83.3522
10.1098;-83.3981
10.1098;-83.3981
10.2;-83.3522
10.1099;-83.4437
10.2002;-83.3979
10.0647;-83.4439
10.155;-83.398
10.0648;-83.4895
10.1551;-83.4436
9.9746;-83.5809
10.0197;-83.5352
10.1551;-83.4436
10.11;-83.4894
10.2451;-83.3064
10.2905;-83.3519
10.1101;-83.535
10.2455;-83.4434
10.0649;-83.5351
9.9746;-83.5809
10.1552;-83.4892
10.2454;-83.3977
10.2453;-83.3521
10.2004;-83.4891
10.1101;-83.535
10.1551;-83.4436
10.2455;-83.4434
10.2002;-83.3979
9.9746;-83.5809
9.9746;-83.5809
10.0197;-83.5352
10.2002;-83.3979
10.11;-83.4894
10.1099;-83.4437
10.11;-83.4894
10.2456;-83.489
10.1551;-83.4436
10.11;-83.4894
10.0198;-83.5808
10.1101;-83.535
9.9746;-83.5809
10.0649;-83.5351
10.2453;-83.3521
10.2003;-83.4435
10.1552;-83.4892
10.1552;-83.4892
10.0198;-83.5808
10.2004;-83.4891
10.11;-83.4894
10.2906;-83.3976
9.5654;-82.8988
9.6104;-82.853
9.6104;-82.853
9.6104;-82.853
9.6102;-82.8075
9.6102;-82.8075
9.5656;-82.9443
9.5656;-82.9443
9.6104;-82.853
9.7462;-82.898
9.746;-82.8524
9.6554;-82.8073
9.6102;-82.8075
9.61;-82.762
9.7006;-82.8071
9.7008;-82.8526
9.7462;-82.898
9.6554;-82.8073
9.6554;-82.8073
9.746;-82.8524
9.6547;-82.6706
9.6554;-82.8073
9.7458;-82.8068
9.6552;-82.7617
9.7006;-82.8071
9.655;-82.7162
9.6093;-82.6253
9.6547;-82.6706
9.5645;-82.7166
9.5638;-82.58
9.5645;-82.7166
9.5191;-82.6713
9.5191;-82.6713
9.5641;-82.6256
9.61;-82.762
9.5641;-82.6256
9.6093;-82.6253
9.5189;-82.6258
9.5186;-82.5803
9.5645;-82.7166
9.5643;-82.6711
9.5645;-82.7166
9.5189;-82.6258
9.5189;-82.6258
9.5643;-82.6711
9.4304;-83.036
9.385;-82.9907
9.5204;-82.9445
9.5656;-82.9443
9.52;-82.8535
9.4754;-82.9903
9.4302;-82.9905
9.5206;-82.9901
9.567;-83.3087
9.385;-82.9907
9.5204;-82.9445
9.5212;-83.1267
9.3854;-83.0817
9.4304;-83.036
9.3848;-82.9451
9.385;-82.9907
9.6117;-83.1719
9.5212;-83.1267
9.5658;-82.9899
9.5202;-82.899
9.5204;-82.9445
9.52;-82.8535
9.4302;-82.9905
9.4304;-83.036
9.567;-83.3087
9.4752;-82.9447
10.3824;-84.1735
10.2467;-84.1736
10.2015;-84.1736
10.2919;-84.1736
10.3371;-84.1735
10.2467;-84.1736
10.2919;-84.1736
10.3371;-84.1735
10.2919;-84.1736
10.292;-84.2192
10.3824;-84.1735
10.3824;-84.2192
10.3372;-84.2192
10.3824;-84.2192
10.292;-84.2649
10.3372;-84.2192
10.4728;-84.1735
10.4728;-84.1735
10.2468;-84.2649
10.4276;-84.2192
10.3824;-84.2648
10.518;-84.1735
10.3824;-84.2192
10.4728;-84.2192
10.3372;-84.2192
10.4276;-84.2192
10.4728;-84.2192
10.292;-84.2649
10.3824;-84.1735
10.3372;-84.2192
10.518;-84.2191
10.4276;-84.1735
10.3824;-84.2192
10.518;-84.1735
10.4728;-84.2192
10.518;-84.2191
10.4276;-84.2192
10.4276;-84.2192
10.7437;-84.8133
10.7888;-84.9048
10.8341;-84.8135
10.5627;-84.9044
10.653;-84.9503
10.608;-84.8588
10.5628;-84.8587
10.608;-84.8588
10.6984;-84.859
10.6532;-84.8589
10.6532;-84.8589
10.6533;-84.8132
10.6533;-84.8132
10.7438;-84.7676
10.6986;-84.7218
10.6535;-84.6761
10.6535;-84.6761
10.7437;-84.8133
10.6986;-84.7675
10.6985;-84.8132
10.6983;-84.9047
10.6533;-84.8132
10.6534;-84.7218
10.6986;-84.7675
10.6986;-84.7218
10.6984;-84.859
10.6081;-84.7674
10.6986;-84.7218
10.6533;-84.8132
10.6081;-84.7674
10.6532;-84.8589
10.8792;-84.8593
10.8794;-84.7678
10.9698;-84.7679
10.9246;-84.7679
10.9698;-84.7222
10.834;-84.8592
10.789;-84.7219
10.8344;-84.5848
10.7891;-84.6305
10.8343;-84.6763
10.7891;-84.6762
10.8343;-84.6763
10.8344;-84.5848
10.8343;-84.6306
10.7892;-84.5848
10.8343;-84.6763
10.8343;-84.6763
10.8343;-84.6763
10.8795;-84.6306
10.8795;-84.6763
10.8343;-84.6306
11.0151;-84.6765
10.9247;-84.6764
11.0151;-84.6765
11.0603;-84.6765
11.0604;-84.6308
11.0152;-84.6307
10.9248;-84.5849
10.8796;-84.5391
11.0151;-84.6765
10.97;-84.4934
10.9248;-84.4934
11.0604;-84.585
11.0152;-84.6307
10.9247;-84.6306
11.0152;-84.585
11.0151;-84.7222
11.0151;-84.7222
11.0152;-84.585
10.9699;-84.6307
10.9699;-84.6764
11.0603;-84.6765
10.9247;-84.6764
11.0603;-84.7223
10.97;-84.5849
10.97;-84.5392
11.0603;-84.6765
11.0152;-84.585
11.0603;-84.6765
11.0151;-84.6765
11.0152;-84.585
11.0603;-84.7223
11.0604;-84.585
11.0151;-84.7222
10.9248;-84.5392
11.0151;-84.6765
11.0152;-84.585
11.0604;-84.6308
10.97;-84.5392
11.0152;-84.5392
11.0604;-84.6308
11.0603;-84.6765
11.0603;-84.7223
11.0151;-84.6765
11.0152;-84.5392
10.8796;-84.5849
10.744;-84.539
10.6535;-84.6304
10.744;-84.5848
10.6987;-84.6761
10.6988;-84.539
10.6987;-84.6304
10.6987;-84.6761
10.744;-84.5848
10.6535;-84.6761
10.6987;-84.6304
10.3824;-84.3562
10.518;-84.3562
10.3824;-84.3562
10.4728;-84.3562
10.5632;-84.3562
10.518;-84.4019
10.4728;-84.3105
10.518;-84.3105
10.4276;-84.3562
10.5632;-84.3562
10.3824;-84.3562
10.3824;-84.3105
10.5632;-84.3562
10.4276;-84.3105
10.518;-84.3562
10.4276;-84.3105
10.4728;-84.3562
10.518;-84.3105
10.4728;-84.3562
10.4728;-84.3105
10.4728;-84.3562
10.3824;-84.3105
10.4276;-84.3105
10.3824;-84.3562
10.4276;-84.3562
10.4276;-84.3562
10.292;-84.4474
10.2919;-84.4931
10.292;-84.4474
10.2919;-84.4931
10.2919;-84.4931
10.6084;-84.3105
10.6536;-84.4019
10.6536;-84.3562
10.518;-84.4932
10.7892;-84.219
10.5632;-84.4019
10.7893;-84.3105
10.6988;-84.3562
10.6084;-84.3105
10.8345;-84.3562
10.6988;-84.4476
10.744;-84.4019
10.518;-84.4475
10.8797;-84.3105
10.6536;-84.3562
10.6536;-84.3105
10.5632;-84.4475
10.518;-84.4475
10.4728;-84.4475
10.7892;-84.219
10.744;-84.2191
10.5632;-84.4475
10.5632;-84.4475
10.6536;-84.4019
10.6536;-84.4019
10.6536;-84.4019
10.6536;-84.4019
10.744;-84.2648
10.4728;-84.4475
10.6536;-84.4476
10.6988;-84.3562
10.7893;-84.4019
10.6988;-84.3105
10.7441;-84.3562
10.7893;-84.3562
10.8344;-84.219
10.6988;-84.4476
10.518;-84.5389
10.6084;-84.4019
10.7441;-84.3105
10.6988;-84.2191
10.5632;-84.4475
10.6084;-84.4019
10.5632;-84.4932
10.4728;-84.4018
10.6084;-84.4019
10.6536;-84.3105
10.2919;-84.4931
10.3823;-84.5388
10.3824;-84.4931
10.4275;-84.5388
10.4275;-84.5388
10.3824;-84.4931
10.4275;-84.5388
10.3371;-84.4931
10.4728;-84.4475
10.3824;-84.4931
10.3371;-84.4931
10.4276;-84.4475
10.3372;-84.4475
10.3824;-84.4931
10.3824;-84.4931
10.3824;-84.4931
10.4276;-84.4475
10.3824;-84.4475
10.4276;-84.4475
10.3371;-84.4931
10.4275;-84.5388
10.3371;-84.4931
10.4276;-84.4475
10.4727;-84.6302
10.5179;-84.6303
10.4274;-84.7215
10.4727;-84.5845
10.4274;-84.6758
10.5177;-84.7673
10.4725;-84.7672
10.5178;-84.6759
10.4727;-84.6302
10.4274;-84.7215
10.5178;-84.6759
10.4727;-84.5389
10.4727;-84.5389
10.4727;-84.6302
10.5178;-84.6759
10.4727;-84.5389
10.4727;-84.5845
10.4275;-84.5845
10.4727;-84.5845
10.563;-84.676
10.6082;-84.676
10.5631;-84.6303
10.6083;-84.6303
10.6083;-84.6303
10.6082;-84.676
10.5179;-84.5846
10.518;-84.5389
10.6535;-84.6304
10.563;-84.676
10.5179;-84.5846
10.5631;-84.5846
10.5178;-84.6759
10.6083;-84.6303
10.563;-84.676
10.5631;-84.5846
10.563;-84.676
10.4727;-84.5389
10.6082;-84.676
10.5631;-84.5846
10.5631;-84.6303
10.4276;-84.3562
10.3824;-84.4018
10.3824;-84.3562
10.3824;-84.4018
10.4276;-84.4018
10.3824;-84.3562
10.3372;-84.3562
10.3824;-84.4018
10.3824;-84.4018
10.4728;-84.4018
10.4276;-84.4018
10.518;-84.3105
10.6084;-84.2648
10.6536;-84.2191
10.744;-84.1733
10.5632;-84.2191
10.5632;-84.2191
10.518;-84.3105
10.4728;-84.2648
10.5632;-84.1734
10.518;-84.3105
10.518;-84.3105
10.6536;-84.2191
10.744;-84.1733
10.4728;-84.2648
10.4276;-84.3105
10.4276;-84.3105
10.6084;-84.2191
10.5632;-84.3105
10.518;-84.3105
10.5632;-84.2648
10.5632;-84.2648
10.518;-84.2648
10.5632;-84.3105
10.4728;-84.2648
10.4728;-84.2648
10.5632;-84.3105
10.5632;-84.2648
10.4728;-84.2648
10.4728;-84.2648
10.518;-84.2648
10.5632;-84.3105
10.518;-84.2648
10.6084;-84.3105
10.6084;-84.2648
10.6084;-84.3105
10.6536;-84.539
10.6084;-84.4933
10.8797;-84.4019
10.8344;-84.4476
10.6084;-84.4019
10.5632;-84.4932
10.7892;-84.4934
10.744;-84.4933
10.9248;-84.4934
10.9249;-84.4477
10.8344;-84.4476
10.6988;-84.4933
10.5632;-84.4932
10.5632;-84.5389
10.5632;-84.5389
10.6084;-84.539
10.518;-84.4932
10.5632;-84.5389
10.9249;-84.4477
10.6084;-84.4933
10.9249;-84.3562
10.6083;-84.5846
10.7892;-84.4934
10.8797;-84.4019
10.6084;-84.4933
10.6536;-84.4476
10.6084;-84.539
10.744;-84.4933
10.744;-84.4476
10.6536;-84.4933
10.9701;-84.4477
10.6084;-84.4476
10.7892;-84.4476
10.7892;-84.5391
10.6535;-84.5847
10.5632;-84.5389
10.6084;-84.4933
10.9249;-84.4019
10.744;-84.4933
10.5632;-84.4475
10.6988;-84.4933
10.6536;-84.539
10.6084;-84.539
10.9701;-84.3562
10.6536;-84.539
10.3372;-84.4475
10.3372;-84.4475
10.292;-84.4474
10.4276;-84.4018
10.3372;-84.4475
10.3372;-84.4475
10.3824;-84.4475
10.3824;-84.4475
10.292;-84.4018
10.3824;-84.4018
10.3824;-84.4475
10.292;-84.3562
10.3372;-84.4018
10.292;-84.4018
10.3372;-84.4018
10.292;-84.4474
10.3824;-84.4018
10.3824;-84.4018
10.3372;-84.4475
10.292;-84.4474
10.3372;-84.4018
10.3372;-84.4475
10.292;-84.4474
10.292;-84.4474
10.2468;-84.4018
10.292;-84.4018
10.2468;-84.3562
10.3824;-84.4018
10.3372;-84.4018
10.3372;-84.4475
10.292;-84.4018
10.292;-84.4474
10.3372;-84.4018
10.3371;-84.5844
10.3823;-84.5388
10.3823;-84.5388
10.3371;-84.5844
10.3371;-84.5844
10.3371;-84.5844
10.3371;-84.5844
10.337;-84.6301
10.3823;-84.5845
10.3371;-84.5844
10.5177;-84.813
10.6082;-84.7217
10.563;-84.7217
10.6082;-84.7217
10.563;-84.7217
10.6082;-84.7217
10.5629;-84.813
10.563;-84.7217
10.6081;-84.8131
10.5629;-84.7674
10.5629;-84.7674
10.3372;-84.3105
10.3824;-84.3105
10.3824;-84.3105
10.3824;-84.2648
10.3824;-84.2648
10.3372;-84.2649
10.3372;-84.2649
10.3372;-84.2649
10.3824;-84.3105
10.292;-84.2649
10.3372;-84.2649
10.3824;-84.2648
10.3372;-84.2649
10.3824;-84.3105
10.3372;-84.2649
10.4275;-84.5845
10.4273;-84.7672
10.4273;-84.7672
10.4273;-84.7672
10.4275;-84.5845
10.3823;-84.5388
10.4275;-84.6302
10.4727;-84.6302
10.8343;-84.6763
10.4275;-84.5845
10.3823;-84.5845
10.4275;-84.5845
10.337;-84.6757
10.3823;-84.6301
10.4275;-84.6302
10.3823;-84.5845
10.3823;-84.5845
10.4275;-84.5845
10.7439;-83.9905
10.6083;-84.0363
10.6084;-84.1277
10.6084;-84.1277
10.7439;-83.9905
10.6083;-84.082
10.744;-84.1276
10.7891;-84.0362
10.6535;-84.082
10.6986;-83.9448
10.6535;-83.9906
10.6083;-84.082
10.6083;-84.0363
10.6535;-84.0363
10.4272;-83.8538
10.3822;-83.9452
10.3369;-83.9453
10.3369;-83.8996
10.2465;-83.8998
10.2917;-83.8997
10.3369;-83.8996
10.2917;-83.8997
10.2465;-83.9454
10.2465;-83.9454
10.4274;-83.9452
10.3821;-83.8996
10.3369;-83.8996
10.3368;-83.854
10.3368;-83.854
10.3821;-83.8996
10.2916;-83.854
10.3369;-83.8996
10.3369;-83.8996
10.2916;-83.854
10.2917;-83.8997
10.3369;-83.8996
10.2917;-83.8997
10.3369;-83.9453
10.2465;-83.8998
10.2465;-83.8998
10.3822;-83.9452
10.3821;-83.8996
10.2917;-83.9453
10.3369;-83.8996
10.2465;-83.8998
10.2465;-83.8998
10.2013;-83.8998
10.3821;-83.8996
10.4273;-83.8995
10.4274;-83.9908
10.2917;-83.8997
10.3371;-84.1735
10.6535;-83.9906
10.4275;-84.0822
10.3823;-84.0822
10.563;-83.9907
10.3823;-84.1279
10.4275;-84.1278
10.3823;-84.1279
10.4275;-84.1278
10.4276;-84.1735
10.4275;-84.1278
10.5631;-84.0821
10.3823;-84.1279
10.4275;-84.1278
10.5179;-84.0821
10.3823;-84.0822
10.3823;-84.1279
10.6082;-83.9906
10.3824;-84.1735
10.3823;-84.0365
10.6082;-83.9906
10.5632;-84.1277
10.3371;-84.1279
10.3371;-84.1279
10.3371;-84.1279
10.6083;-84.0363
10.4727;-84.1278
10.3823;-84.1279
10.3823;-84.1279
10.5179;-84.0364
10.6535;-84.0363
10.6533;-83.8535
10.6081;-83.8536
10.6985;-83.8534
10.4725;-83.8994
10.563;-83.9907
10.4726;-83.9908
10.6986;-83.9448
10.5179;-84.0364
10.6535;-83.9906
10.563;-83.9907
10.4727;-84.0821
10.4727;-84.0365
10.5178;-83.9907
10.5629;-83.8993
10.5178;-83.9907
10.563;-83.9907
10.6082;-83.9906
10.4726;-83.9908
10.4726;-83.9451
10.5176;-83.808
10.4727;-84.0365
10.5179;-84.0364
10.5179;-84.0364
10.5178;-83.9907
10.563;-83.945
10.5178;-83.9907
10.4726;-83.9908
10.5178;-83.9451
10.4727;-84.0365
10.6082;-83.9906
10.4726;-83.9908
10.563;-83.9907
10.5177;-83.8537
10.563;-83.9907
10.5179;-84.0364
10.563;-83.9907
10.5179;-84.0364
10.4725;-83.8994
10.7881;-85.1791
10.9235;-85.271
10.8786;-85.1794
10.8333;-85.1793
10.7879;-85.2706
10.9238;-85.1795
10.7429;-85.179
10.9236;-85.2252
10.9236;-85.2252
10.8333;-85.1793
10.9238;-85.1795
10.7433;-85.0419
10.7435;-84.9505
10.7433;-85.0419
10.7885;-85.042
10.7433;-85.0419
10.7433;-85.0419
10.7434;-84.9962
10.7885;-85.042
10.7434;-84.9962
10.7434;-84.9962
10.7432;-85.0876
10.9692;-85.0881
10.9693;-85.0424
10.9694;-84.9966
11.0145;-85.0425
10.9693;-85.0424
10.9241;-85.0423
11.0144;-85.0882
10.924;-85.088
10.9687;-85.2711
11.0136;-85.3628
10.9684;-85.3626
10.878;-85.3623
10.9238;-85.1795
10.8788;-85.0879
10.9239;-85.1338
10.969;-85.1796
10.8787;-85.1337
11.0142;-85.1798
10.9239;-85.1338
10.9691;-85.1339
10.9691;-85.1339
10.9239;-85.1338
11.0143;-85.134
10.8789;-85.0422
10.8337;-85.0421
10.7886;-84.9963
10.8339;-84.9506
10.9242;-84.9966
10.9241;-85.0423
10.8336;-85.0878
10.8788;-85.0879
10.8337;-85.0421
10.8788;-85.0879
10.7884;-85.0877
10.8789;-85.0422
10.8339;-84.9506
10.879;-84.9965
10.9695;-84.9509
10.834;-84.9049
10.879;-84.9965
10.9243;-84.9508
10.8792;-84.905
10.9243;-84.9508
10.8792;-84.905
10.9242;-84.9966
10.9694;-84.9966
10.8791;-84.9507
10.834;-84.9049
10.9243;-84.9508
10.8792;-84.905
10.9243;-84.9508
10.9243;-84.9508
9.4329;-84.0374
9.4781;-84.0374
9.4329;-84.083
9.4782;-84.1285
9.5234;-84.0829
9.4329;-84.0374
9.4782;-84.0829
9.4782;-84.0829
9.4329;-84.083
9.4782;-84.1285
9.4782;-84.0829
9.5234;-84.0829
9.4329;-84.0374
9.5686;-84.0829
9.4782;-84.0829
9.4782;-84.0829
9.4782;-84.174
9.4329;-84.083
9.3878;-84.1285
9.433;-84.174
9.5234;-84.174
9.4782;-84.174
9.4782;-84.1285
9.4782;-84.174
9.433;-84.174
9.4782;-84.2195
9.3877;-84.0375
9.3877;-84.0375
9.3878;-84.1285
9.3878;-84.1285
9.3425;-84.0375
9.4782;-84.174
9.5234;-84.1284
9.433;-84.174
9.433;-84.1285
9.3877;-84.083
9.433;-84.1285
9.3878;-84.174
9.3877;-84.0375
9.3877;-84.083
9.4782;-84.174
9.3877;-84.083
9.3878;-84.1285
9.433;-84.174
9.4782;-84.2195
9.4329;-84.083
9.5234;-84.174
9.3423;-83.901
9.3877;-84.0375
9.2519;-83.9011
9.2971;-83.9011
9.2971;-83.8556
9.3424;-83.9465
9.2971;-83.9011
9.3425;-83.992
9.3425;-84.0375
9.2519;-83.8556
9.2972;-83.9466
9.3425;-83.992
9.3423;-83.8555
9.2971;-83.9011
9.3876;-83.9465
9.3424;-83.9465
9.4329;-83.9919
9.3877;-84.0375
9.3423;-83.8555
9.3423;-83.8555
9.9753;-84.6753
9.9753;-84.7209
9.9301;-84.7209
9.9753;-84.6753
9.9753;-84.7209
9.9753;-84.6753
10.0205;-84.6754
9.9301;-84.7209
9.9753;-84.6753
9.9753;-84.7209
9.9753;-84.7209
9.9753;-84.6753
10.0206;-84.5842
10.0206;-84.6298
9.9754;-84.6297
10.0206;-84.6298
10.0206;-84.6298
10.0658;-84.6754
10.0205;-84.6754
10.0205;-84.6754
10.111;-84.6755
10.0205;-84.6754
10.0658;-84.6754
10.111;-84.6755
10.0206;-84.6298
9.9301;-84.6753
9.9301;-84.6753
9.8849;-84.7208
9.9301;-84.6753
9.9753;-84.6753
9.9301;-84.6753
9.9301;-84.6753
9.9753;-84.6753
9.9301;-84.6753
9.9754;-84.6297
9.9754;-84.6297
9.8849;-84.7208
10.0206;-84.5842
9.9754;-84.6297
9.9754;-84.5841
10.0206;-84.5842
9.9754;-84.6297
9.9754;-84.5841
9.9754;-84.6297
9.7042;-84.5839
9.6138;-84.5838
9.7041;-84.6295
9.6138;-84.5838
9.6589;-84.6294
9.6137;-84.6294
9.6589;-84.6294
9.6589;-84.675
9.5685;-84.6294
9.6589;-84.675
9.5686;-84.5383
9.6138;-84.5838
9.5686;-84.5383
9.5686;-84.5383
9.7041;-84.6295
9.8397;-84.6752
9.8849;-84.6752
9.7041;-84.675
9.7493;-84.6295
9.7042;-84.5839
9.7946;-84.584
9.7946;-84.6296
9.8397;-84.6752
9.7041;-84.675
9.7946;-84.6296
9.8849;-84.7208
9.7946;-84.6296
9.7493;-84.6295
9.7946;-84.6296
9.7493;-84.6295
9.7946;-84.6296
9.7041;-84.675
9.7041;-84.6295
9.7493;-84.6295
9.7494;-84.584
9.8849;-84.6752
10.1109;-84.7211
10.1108;-84.7667
10.0656;-84.7667
10.1109;-84.7211
10.1108;-84.8123
10.1561;-84.7668
10.0657;-84.721
10.1561;-84.7212
10.1109;-84.7211
10.1108;-84.7667
10.1109;-84.7211
10.1109;-84.7211
10.1108;-84.7667
10.1109;-84.7211
10.1562;-84.6755
10.0657;-84.721
10.0656;-84.7667
10.0205;-84.721
10.111;-84.6755
10.0656;-84.7667
10.0657;-84.721
10.0657;-84.721
10.0205;-84.721
10.0658;-84.6754
10.2014;-84.6756
10.2014;-84.6756
10.1561;-84.7212
10.1561;-84.7212
10.2014;-84.6756
10.1561;-84.7212
10.1561;-84.7212
10.1561;-84.7212
10.2013;-84.7212
10.1561;-84.7212
9.5686;-84.5838
9.885;-84.6297
9.885;-84.5841
9.885;-84.6297
9.885;-84.6297
9.885;-84.6297
9.885;-84.6297
9.885;-84.6297
9.885;-84.6297
9.9301;-84.6753
9.8849;-84.6752
9.885;-84.6297
9.8398;-84.5384
9.885;-84.5385
9.885;-84.5841
9.885;-84.5841
9.885;-84.5841
9.885;-84.5841
9.8398;-84.584
9.885;-84.5841
9.9303;-84.4929
9.9303;-84.4929
9.9303;-84.4929
9.9303;-84.4929
9.9303;-84.4929
9.9302;-84.5385
9.9302;-84.5841
9.9302;-84.5385
9.9303;-84.4929
9.9302;-84.5385
9.9302;-84.5385
9.9302;-84.5385
9.9303;-84.4929
9.9302;-84.5385
9.885;-84.5385
9.5235;-84.3561
9.5687;-84.4016
9.6139;-84.265
9.5234;-84.4016
9.5235;-84.3106
9.5234;-84.4472
9.4782;-84.3561
9.5686;-84.4472
9.5687;-84.4016
9.6139;-84.3561
9.6139;-84.3561
9.5687;-84.3561
9.5234;-84.4927
9.5234;-84.4472
9.5234;-84.4927
9.4782;-84.2195
9.6139;-84.265
9.5234;-84.4016
9.5235;-84.3561
9.5687;-84.3106
9.5235;-84.3106
9.5234;-84.265
9.5687;-84.4016
9.5686;-84.5383
9.4782;-84.2195
9.4782;-84.3106
9.5687;-84.3561
9.5235;-84.3106
9.5234;-84.4016
9.6139;-84.3561
9.4782;-84.265
9.5235;-84.3106
9.6139;-84.3106
9.4782;-84.3561
9.6139;-84.3106
9.5687;-84.3106
9.5234;-84.265
9.5687;-84.265
9.5235;-84.3106
9.5234;-84.5382
9.6139;-84.3561
9.5234;-84.2195
9.5687;-84.265
9.6591;-84.3106
9.5687;-84.265
9.6139;-84.265
9.5686;-84.4472
9.5686;-84.2195
9.5686;-84.2195
9.5687;-84.3106
9.5687;-84.265
9.6139;-84.3106
9.5235;-84.3106
9.6139;-84.3561
9.6139;-84.3106
9.5686;-84.4927
9.5234;-84.265
9.6139;-84.3106
10.2013;-84.7669
10.1108;-84.8123
10.1561;-84.7668
10.1559;-84.858
10.2013;-84.7669
10.156;-84.8124
10.1108;-84.8123
10.2466;-84.6756
10.2465;-84.7213
10.2013;-84.7212
10.2465;-84.7213
10.2465;-84.7213
10.2466;-84.6756
10.2465;-84.7213
10.2013;-84.7212
9.9753;-84.7209
10.0205;-84.721
9.9753;-84.7209
10.0205;-84.721
10.0205;-84.6754
10.0205;-84.721
10.0205;-84.721
9.9752;-84.7665
9.9752;-84.7665
9.9752;-84.7665
9.9752;-84.7665
10.1558;-84.9037
10.1558;-84.9037
10.0654;-84.9035
10.0653;-84.9491
10.1558;-84.9037
10.0654;-84.9035
10.0654;-84.9035
10.1105;-84.9492
10.1107;-84.858
10.1558;-84.9037
10.0654;-84.9035
10.1558;-84.9037
10.1105;-84.9492
10.1558;-84.9037
10.0202;-84.9034
10.1106;-84.9036
10.0654;-84.9035
10.1106;-84.9036
10.0654;-84.9035
10.1558;-84.9037
10.1106;-84.9036
10.0653;-84.9491
10.1558;-84.9037
9.9753;-84.7209
9.9752;-84.7665
9.9753;-84.7209
10.1559;-84.858
10.2012;-84.8125
10.1559;-84.858
10.2011;-84.8581
10.2011;-84.8581
10.2463;-84.8582
10.2464;-84.8126
10.2012;-84.8125
10.2012;-84.8125
10.2464;-84.8126
10.1556;-85.0405
10.1105;-84.9948
10.1105;-84.9948
10.1557;-84.9949
10.1556;-85.0405
10.1557;-84.9949
10.1104;-85.0404
10.2916;-84.8126
10.2915;-84.8583
10.2915;-84.8583
10.2916;-84.8126
10.2916;-84.8126
10.2463;-84.8582
10.2916;-84.8126
10.2916;-84.8126
10.3368;-84.8127
10.0656;-84.8123
10.1108;-84.8123
10.0656;-84.8123
10.0204;-84.8122
10.0204;-84.8122
10.0656;-84.8123
10.0656;-84.8123
10.0204;-84.8122
10.0204;-84.8122
10.0203;-84.8578
10.1108;-84.8123
10.1107;-84.858
10.0204;-84.8122
9.9752;-84.8121
9.9751;-84.8577
9.9752;-84.8121
10.0204;-84.7666
9.9752;-84.8121
9.9752;-84.8121
9.9303;-84.4929
9.9303;-84.4929
9.9755;-84.4473
9.9755;-84.4473
9.9755;-84.4929
9.9755;-84.4473
9.9755;-84.4473
9.9755;-84.4473
9.9754;-84.5841
9.9302;-84.6297
9.9302;-84.6297
9.9302;-84.5841
9.9755;-84.4929
9.9302;-84.5385
9.9755;-84.5385
9.9302;-84.5841
9.9302;-84.5385
9.9755;-84.5385
9.9755;-84.4929
9.9302;-84.5385
9.9755;-84.5385
9.9302;-84.5385